"Uf","IBGE","Municipio","CNES","Estabelecimento","INE","Sigla da equipe","Populaçao"
"MS","500400","GLÓRIA DE DOURADOS","2376482","EQUIPE DE ATENCAO PRIMARIA","0002470578","eAP","0"
"MS","500790","SIDROLÂNDIA","7040938","POSTO DE SAUDE INDIGENA ALDEIA TERERE","0002123614","eAP","0"
"MS","500450","ITAPORÃ","2360993","ESF PIONEIRA ARLEI DO NASCIMENTO TEIXEIRA","0002275414","eAPP","7"
"MS","500370","DOURADOS","2710897","UBS VILA ROSA","0001679651","eAPP","167"
"MS","500124","ARAL MOREIRA","2591383","UNIDADE BASICA DE SAUDE CIRILLO ROSSATI","0002591383","eAPP","0"
"MS","500270","CAMPO GRANDE","0378704","DSP PENITENCIARIA ESTADUAL MASC REGIME FECHADO GAMELEIRA I","0002174529","eAPP","775"
"MS","500348","DOIS IRMÃOS DO BURITI","6254896","PENITENCIARIA DE DOIS IRMAOS DO BURITI","0000441627","eAPP","1303"
"MS","500570","NAVIRAÍ","6150616","UNIDADE DE SAUDE PRISIONAL","0000443344","eAPP","1632"
"MS","500660","PONTA PORÃ","6032826","UNIDADE PRISIONAL MASCULINA DE PONTA PORA","0000444065","eAPP","1054"
"MS","500460","ITAQUIRAÍ","2558645","UNIDADE DE SAUDE DA FAMILIA ITAQUIRAI","0002263491","eAPP","78"
"MS","500730","RIO NEGRO","2646862","UNIDADE BASICA DE SAUDE RIO NEGRO","0001554220","eAPP","14"
"MS","500330","COXIM","7468407","UNIDADE PRISIONAL AGEPEN COXIM","0001519859","eAPP","669"
"MS","500270","CAMPO GRANDE","7975783","DSP MODULO DE SAUDE DO COMPLEXO PENITENCIARIO DE CPO GDE MS","0002222221","eAPP","87"
"MS","500375","ELDORADO","4221893","PSF ESF FERNANDO S CONTE","0002410192","eSF","1401"
"MS","500830","TRÊS LAGOAS","2757125","UNIDADE DE SAUDE DA FAMILIA SANTO ANDRE","0002452995","eSF","1842"
"MS","500830","TRÊS LAGOAS","2757044","UNIDADE BASICA DE SAUDE ALTAIR CABRAL TRANIM","0002172216","eAP-20h","1872"
"MS","500570","NAVIRAÍ","2374250","CENTRO DE SAUDE DR ANTONITO PIRES DE SOUZA","0002287595","eAP-30h","2685"
"MS","500190","BATAGUASSU","9060588","ESF LUCIO FERREIRA ROSA","0001612301","eSF","3500"
"MS","500200","BATAYPORÃ","2376733","ESTRATEGIA DE SAUDE DA FAMILIA SAO LUIZ","0000438502","eSF","949"
"MS","500210","BELA VISTA","2710633","ESF DR RUBENS ALBERTO ABOTT DE CASTRO PINTO AGUA DOCE","0000438561","eSF","2825"
"MS","500290","CASSILÂNDIA","2375710","UNIDADE BASICA DE SAUDE DR ANTONIO TEIXEIRA DE LIMA","0000440833","eSF","3059"
"MS","500793","SONORA","3236455","UNIDADE DE SAUDE DA FAMILIA BOM FUTURO","0000444898","eSF","3959"
"MS","500800","TERENOS","2676559","ESF VILA FERREIRA","0000444952","eSF","4550"
"MS","500270","CAMPO GRANDE","2874474","SESAU USF SANTA EMILIA JEFERSON RODRIGUES DE SOUZA","0000439045","eSF","3555"
"MS","500270","CAMPO GRANDE","0010219","SESAU USF INDUBRASIL MANOEL SECCO THOME","0000439193","eSF","3426"
"MS","500295","CHAPADÃO DO SUL","2559013","UNIDADE DE SAUDE DA FAMILIA SAUDE LAR","0000440957","eSF","4651"
"MS","500295","CHAPADÃO DO SUL","0927988","UNIDADE DA ESTRATEGIA DA SAUDE DA FAMILIA ESPLANADA","0002226200","eSF","6239"
"MS","500370","DOURADOS","6803628","UBS CHACARA DOS CAIUAS","0000442208","eSF","4498"
"MS","500270","CAMPO GRANDE","6731198","SESAU USF JOSE TAVARES DO COUTO DR FERNANDO DE ARRUDA TORRES","0001644408","eSF","3489"
"MS","500270","CAMPO GRANDE","9013415","SESAU USF JARDIM PARADISO PEDRO FELIX DE SOUZA","0001606727","eSF","3258"
"MS","500270","CAMPO GRANDE","7096895","SESAU USF JARDIM BATISTAO DR HELIO MARTINS COELHO","0001707906","eSF","4092"
"MS","500270","CAMPO GRANDE","0028851","SESAU USF COOPHAVILA II ALFREDO NEDER","0000440000","eSF","3312"
"MS","500085","ANGÉLICA","6958451","ESF LAURO DOMINGOS DE SOUZA","0000438006","eSF","2789"
"MS","500190","BATAGUASSU","2371014","UNIDADE DE SAUDE JD SAO FRANCISCO","0000438383","eSF","3428"
"MS","500410","GUIA LOPES DA LAGUNA","2376229","UNIDADE DE SAUDE DA FAMILIA RANOLFO PEREIRA DA SILVA","0000442372","eSF","3380"
"MS","500570","NAVIRAÍ","5322804","ESF RONAN MARQUES","0000443301","eSF","3937"
"MS","500580","NIOAQUE","2376342","UNIDADE DE SAUDE FAMILIA UIRAPURU","0000443409","eSF","857"
"MS","500600","NOVA ALVORADA DO SUL","2482517","UNIDADE BASICA DE SAUDE DA FAMILIA IZABEL MENEZES COELHO","0000443476","eSF","4732"
"MS","500620","NOVA ANDRADINA","0187941","ESF UNIVERSITARIO","0002022532","eSF","3804"
"MS","500620","NOVA ANDRADINA","2600374","ESF MORADA DO SOL","0000443530","eSF","3494"
"MS","500215","BODOQUENA","2676745","UNIDADE BASICA DE SAUDE JESUINO ORMUNDO","0000438650","eSF","2071"
"MS","500260","CAMAPUÃ","6375022","UNIDADE DE SAUDE DA FAMILIA II VILA IZOLINA","0000438936","eSF","2239"
"MS","500270","CAMPO GRANDE","3285294","SESAU USF JARDIM LOS ANGELES SEBASTIAO LUIZ NOGUEIRA","0000440264","eSF","4789"
"MS","500270","CAMPO GRANDE","7108001","SESAU USF JARDIM BOTAFOGO DR ELIZABETH WANDERLE TOBARU","0000440698","eSF","3400"
"MS","500270","CAMPO GRANDE","0010308","SESAU USF JOCKEY CLUB DR JORGE DAVID NASSER","0000439398","eSF","6320"
"MS","500660","PONTA PORÃ","5683238","UNIDADE BASICA DE SAUDE DA FAMILIA ROSANGELA PEREIRA SILVA","0000444014","eSF","5477"
"MS","500690","PORTO MURTINHO","2376415","UNIDADE BASICA DE SAUDE DOUTOR FRANCISCO GOMES BEZERRA","0000444138","eSF","2697"
"MS","500770","SETE QUEDAS","9921613","UNIDADE BASICA DA SAUDE DA FAMILIA DE SETE QUEDAS","0000444596","eSF","4274"
"MS","500793","SONORA","2376911","UNIDADE DE SAUDE DA FAMILIA DE SONORA","0000444855","eSF","4316"
"MS","500795","TACURU","5683386","UNIDADE BASICA DE SAUDE DA FAMILIA AURELIANO DURE","0000444928","eSF","1689"
"MS","500790","SIDROLÂNDIA","2370840","SAUDE LAR DO DISTRITO DE QUEBRA COCO","0000444685","eSF","1811"
"MS","500793","SONORA","7775318","UNIDADE DE SAUDE DA FAMILIA JOSE DA SILVA","0001581813","eSF","719"
"MS","500270","CAMPO GRANDE","0028835","SESAU USF PARQUE DO SOL DR BENJAMIM ASATO","0000439940","eSF","3124"
"MS","500270","CAMPO GRANDE","3023737","SESAU USF VILA CORUMBA","0000440086","eSF","5133"
"MS","500270","CAMPO GRANDE","0010286","SESAU USF COHAB DR OLIMPIO CAVALHEIRO","0000439320","eSF","3945"
"MS","500280","CARACOL","2620138","ESF LIDIANE DE OLIVEIRA GARDIN GALEANO","0000440825","eSF","2607"
"MS","500320","CORUMBÁ","2591405","UNIDADE BASICA DE SAUDE DRA LUCIA MARIA PEREIRA DE CARVALHO","0000441228","eSF","3070"
"MS","500320","CORUMBÁ","2376105","UNIDADE BASICA DE SAUDE BRENO DE MEDEIROS","0000441074","eSF","4488"
"MS","500830","TRÊS LAGOAS","2757168","UNIDADE DE SAUDE DA FAMILIA VILA PILOTO ADRIANA CRISTINA","0001691694","eSF","3009"
"MS","500270","CAMPO GRANDE","0010235","SESAU USF VILA NASSER DR MILTON KOJO CHINEN","0000439223","eSF","3281"
"MS","500270","CAMPO GRANDE","9439919","SESAU USF VILA COX","0000439231","eSF","3018"
"MS","500270","CAMPO GRANDE","0010251","SESAU USF CAICARA DR ALBERTO NEDER","0000439282","eSF","3419"
"MS","500320","CORUMBÁ","2536684","UNIDADE BASICA DE SAUDE NOVA CORUMBA","0000441163","eSF","4430"
"MS","500215","BODOQUENA","9130462","UNIDADE DE SAUDE DR LAURO GOULART","0001617524","eSF","2908"
"MS","500270","CAMPO GRANDE","9898271","SESAU USF DOM ANTONIO BARBOSA DR EVANDRO M DE ARRUDA","0001717766","eSF","2813"
"MS","500270","CAMPO GRANDE","0010235","SESAU USF VILA NASSER DR MILTON KOJO CHINEN","0001644335","eSF","2980"
"MS","500270","CAMPO GRANDE","0028789","SESAU USF MORENINHA III DR JUDSON TADEU RIBAS","0001705814","eSF","3220"
"MS","500270","CAMPO GRANDE","3051358","SESAU USF MARIO COVAS DR WAGNER JORGE BORTOTTO GARCIA","0000440116","eSF","4019"
"MS","500370","DOURADOS","2711095","UBS OURO VERDE TAKEO TAKIMOTO","0000441899","eSF","4369"
"MS","500370","DOURADOS","5592607","UBS CABECEIRA ALEGRE LEVY SCHAUSTZ","0001623125","eSF","3139"
"MS","500370","DOURADOS","3239837","UBS JOQUEI CLUBE ANTONIO DA COSTA CARVALHO","0001713701","eSF","3700"
"MS","500375","ELDORADO","5395062","PROGRAMA DE SAUDE DA FAMILIA OSVALDO TURQUINO","0000442259","eSF","4461"
"MS","500400","GLÓRIA DE DOURADOS","2376504","UNIDADE BASICA DE SAUDE DE GLORIA DE DOURADOS","0000442348","eSF","3797"
"MS","500440","INOCÊNCIA","2536803","UESF SEBASTIAO FRANCISCO RAMOS","0000442488","eSF","2497"
"MS","500460","ITAQUIRAÍ","7009496","UNIDADE DE SAUDE DA FAMILIA COMPLEXO SANTO ANTONIO","0000442658","eSF","2186"
"MS","500070","ANASTÁCIO","6625452","ESTRATEGIA DE SAUDE DA FAMILIA BENTA VIEIRA DE ARRUDA","0000437891","eSF","2389"
"MS","500345","DEODÁPOLIS","2558823","ESTRATEGIA DE SAUDE DA FAMILIA SANTO ANTONIO","0000441546","eSF","3222"
"MS","500370","DOURADOS","2710838","UBS ITAHUM ALTAIR RAMIRES DE SOUZA DONA NEGA","0000441686","eSF","2615"
"MS","500370","DOURADOS","3489159","UBS BEM TE VI VEREADOR AMERICO MONTEIRO SALGADO","0001623052","eSF","3268"
"MS","500430","IGUATEMI","5342244","UNIDADE DE SAUDE DA FAMILIA ASSENTAMENTO AUXILIADORA","0000442445","eSF","1727"
"MS","500430","IGUATEMI","2374331","UNIDADE DE SAUDE DA FAMILIA VILA ROSA","0000442402","eSF","4542"
"MS","500124","ARAL MOREIRA","3276740","ESF VISTA ALEGRE","0001512498","eSF","1170"
"MS","500270","CAMPO GRANDE","3005690","SESAU USF JARDIM NOROESTE","0002296926","eSF","3590"
"MS","500270","CAMPO GRANDE","9022007","SESAU USF ANA MARIA DO COUTO","0001482602","eSF","3857"
"MS","500270","CAMPO GRANDE","0028789","SESAU USF MORENINHA III DR JUDSON TADEU RIBAS","0001644513","eSF","3001"
"MS","500270","CAMPO GRANDE","0024481","SESAU USF NOVA BAHIA CONSELHEIRO DE SAUDE EDNEY A DE CAMPOS","0001644521","eSF","3424"
"MS","500490","JARAGUARI","2651467","UNIDADE DE SAUDE FAMILIA I","0001483129","eSF","1140"
"MS","500540","MARACAJU","5304830","UBS ESF BALBINO CORREIA DE LIMA","0000443123","eSF","5499"
"MS","500270","CAMPO GRANDE","3311260","SESAU USF SAO CONRADO PASTOR ELISEU FEITOSA DE ALENCAR","0000440299","eSF","3683"
"MS","500270","CAMPO GRANDE","3598209","SESAU USF AERO ITALIA HERBERTO CALADO REBELO","0000440396","eSF","2648"
"MS","500270","CAMPO GRANDE","0010294","SESAU USF JOSE ABRAO DR ELIAS NASSER NETO","0000439347","eSF","2860"
"MS","500270","CAMPO GRANDE","0024481","SESAU USF NOVA BAHIA CONSELHEIRO DE SAUDE EDNEY A DE CAMPOS","0000439851","eSF","4209"
"MS","500270","CAMPO GRANDE","0028789","SESAU USF MORENINHA III DR JUDSON TADEU RIBAS","0000439886","eSF","3324"
"MS","500380","FÁTIMA DO SUL","2599392","ESTRATEGIA SAUDE DA FAMILIA JARDIM O PIONEIRO","0000442305","eSF","3383"
"MS","500540","MARACAJU","2470659","UBS VITORIA MARCONDES TERRA ESF JOSE ALVES MARCONDES","0000443085","eSF","2738"
"MS","500830","TRÊS LAGOAS","2757087","UNIDADE DE SAUDE DA FAMILIA JUPIA","0000445053","eSF","1421"
"MS","500620","NOVA ANDRADINA","3881032","ESF CENTRO","0001711717","eSF","2903"
"MS","500620","NOVA ANDRADINA","2612062","ESF IRMAN RIBEIRO","0000443573","eSF","4324"
"MS","500660","PONTA PORÃ","7281986","UNIDADE BASICA DE SAUDE DA FAMILIA JOSE ALBERTO VIEIRA BOCH","0001512390","eSF","5843"
"MS","500769","SÃO GABRIEL DO OESTE","2599376","UNIDADE DE SAUDE DA FAMILIA VI","0000444529","eSF","3780"
"MS","500510","JATEÍ","2646803","UNIDADE DE SAUDE DA FAMILIA GLEBA NOVA ESPERANCA","0000442909","eSF","1425"
"MS","500570","NAVIRAÍ","9912835","ESF IPE","0001687301","eSF","3002"
"MS","500620","NOVA ANDRADINA","3881032","ESF CENTRO","0000443611","eSF","4127"
"MS","500630","PARANAÍBA","3050270","UNIDADE SAUDE DA FAMILIA SANTA LUCIA","0000443743","eSF","1603"
"MS","500630","PARANAÍBA","5927056","UNIDADE SAUDE DA FAMILIA HILDA DA SILVA OLIVEIRA","0000443808","eSF","3889"
"MS","500640","PEDRO GOMES","2676885","UNIDADE SAUDE DA FAMILIA DO CENTRO DE SAUDE","0000443891","eSF","3955"
"MS","500085","ANGÉLICA","2376601","ESF DR MARCIO ROGERIO CAMARGO","0000437980","eSF","1760"
"MS","500100","APARECIDA DO TABOADO","5884179","ESF JARDIM DAS FLORES","0000438111","eSF","6385"
"MS","500270","CAMPO GRANDE","3285294","SESAU USF JARDIM LOS ANGELES SEBASTIAO LUIZ NOGUEIRA","0001644688","eSF","4379"
"MS","500270","CAMPO GRANDE","5506158","SESAU CF DR MAURO R BARROS WANDERLEY IRACY COELHO NETTO","0000440426","eSF","3902"
"MS","500660","PONTA PORÃ","5870178","UNIDADE BASICA DE SAUDE DA FAMILIA DR NERY DE AZAMBUJA","0000444022","eSF","4586"
"MS","500690","PORTO MURTINHO","2376415","UNIDADE BASICA DE SAUDE DOUTOR FRANCISCO GOMES BEZERRA","0002217082","eSF","2201"
"MS","500720","RIO BRILHANTE","2804522","ESTRATEGIA SAUDE DA FAMILIA RURAL","0000444227","eSF","1438"
"MS","500750","ROCHEDO","2376067","UNIDADE DE SAUDE DA FAMILIA DE ROCHEDO","0000444421","eSF","4524"
"MS","500150","BANDEIRANTES","2536439","UBSF GEDEAO NOGUEIRA DA ROCHA","0002408465","eAP","0"
"MS","500400","GLÓRIA DE DOURADOS","2376504","UNIDADE BASICA DE SAUDE DE GLORIA DE DOURADOS","0002291584","eAPP","25"
"MS","500790","SIDROLÂNDIA","5134609","PSF CLEIDE PIRAN","0001556215","eAPP","202"
"MS","500295","CHAPADÃO DO SUL","7549903","UNIDADE ESTRATEGIA DA SAUDE DA FAMILIA CENTRAL","0001550403","eAPP","767"
"MS","500720","RIO BRILHANTE","6229387","PENITENCIARIA FEMININA DE RIO BRILHANTE","0001550381","eAPP","276"
"MS","500290","CASSILÂNDIA","5608813","UNIDADE BASICA DE SAUDE DO SISTEMA PRISIONAL","0000440922","eAPP","318"
"MS","500500","JARDIM","7575211","DELEGACIA DE POLICIA CIVIL","0001551973","eAPP","3"
"MS","500375","ELDORADO","5395062","PROGRAMA DE SAUDE DA FAMILIA OSVALDO TURQUINO","0002270498","eAPP","0"
"MS","500510","JATEÍ","2620146","UNIDADE DE SAUDE DA FAMILIA DE JATEI","0000442917","eAPP","38"
"MS","500740","RIO VERDE DE MATO GROSSO","6770258","UNIDADE SAUDE DA FAMILIA JARDIM SEMIRAMIS","0002175177","eAPP","4"
"MS","500370","DOURADOS","0416614","UBS PRISIONAL SEMIABERTO MASCULINO","0002140497","eAPP","742"
"MS","500270","CAMPO GRANDE","6918956","PENITENCIARIA FEDERAL DE CAMPO GRANDE MS","0000440590","eAPP","64"
"MS","500830","TRÊS LAGOAS","6158323","ESTABELECIMENTO PENAL MASCULINO DE TRES LAGOAS","0002246821","eAPP","320"
"MS","500620","NOVA ANDRADINA","4388178","EAP CEM","0002313715","eAP-30h","2687"
"MS","500240","CAARAPÓ","4927001","CENTRO DE SAUDE DE CAARAPO","0002501635","eSF","564"
"MS","500240","CAARAPÓ","4927001","CENTRO DE SAUDE DE CAARAPO","0002501627","eSF","893"
"MS","500600","NOVA ALVORADA DO SUL","3996743","UNIDADE BASICA DE SAUDE DA FAMILIA LAURITA DIAS DE SOUZA","0002335441","eAP-20h","789"
"MS","500570","NAVIRAÍ","2374285","EAP PORTO CAIUA","0002255111","eAP-20h","265"
"MS","500627","PARAÍSO DAS ÁGUAS","7233477","POSTO DE SAUDE OLI GARCIA LEAL","0002270277","eAP-30h","866"
"MS","500720","RIO BRILHANTE","2804492","CENTRO DE SAUDE RIO BRILHANTE","0002310503","eAP-30h","2456"
"MS","500793","SONORA","2376938","UNIDADE BASICA DE SAUDE DE SONORA","0000444863","eAP-30h","1721"
"MS","500270","CAMPO GRANDE","0028835","SESAU USF PARQUE DO SOL DR BENJAMIM ASATO","0000439967","eSF","3184"
"MS","500370","DOURADOS","2711001","UBS VILA FORMOSA MACAUBA ARINO PEREIRA DE MATTOS","0000441821","eSF","2293"
"MS","500190","BATAGUASSU","5734592","ESF DR RUBENS KIMURA","0000438421","eSF","5246"
"MS","500260","CAMAPUÃ","6375006","UNIDADE DE SAUDE DA FAMILIA VI RURAL","0000438901","eSF","3358"
"MS","500320","CORUMBÁ","0456462","UNIDADE BASICA DE SAUDE DR WALTER VICTORIO","0000441112","eSF","4341"
"MS","500320","CORUMBÁ","6564070","UNIDADE BASICA DE SAUDE ANGELICA ANACHE","0000441295","eSF","3562"
"MS","500797","TAQUARUSSU","7498454","ESTRATEGIA DE SAUDE DA FAMILIA II","0001528653","eSF","1552"
"MS","500830","TRÊS LAGOAS","2757168","UNIDADE DE SAUDE DA FAMILIA VILA PILOTO ADRIANA CRISTINA","0000445207","eSF","2574"
"MS","500830","TRÊS LAGOAS","9390693","UNIDADE DE SAUDE DA FAMILIA JARDIM ATENAS BISPO DOM MOREIRA","0001685465","eSF","2807"
"MS","500270","CAMPO GRANDE","0010278","SESAU USF MARIA APARECIDA PEDROSSIAN","0000439290","eSF","3989"
"MS","500330","COXIM","0491977","ILDA APARECIDA COMETKI SAO JOSE","0000441422","eSF","4135"
"MS","500370","DOURADOS","2711079","UBS JARDIM PIRATININGA","0000441872","eSF","3943"
"MS","500370","DOURADOS","3768074","UBS VILA VIEIRA AUX ENF ELIS RENY DOS SANTOS","0000442089","eSF","4141"
"MS","500270","CAMPO GRANDE","0024457","SESAU USF TIRADENTES DR ANTONIO PEREIRA","0001707949","eSF","4720"
"MS","500270","CAMPO GRANDE","3285294","SESAU USF JARDIM LOS ANGELES SEBASTIAO LUIZ NOGUEIRA","0000440256","eSF","3686"
"MS","500270","CAMPO GRANDE","0010324","SESAU USF ESTRELA DO SUL DR WILLIAN MACKSOUD","0000439444","eSF","4003"
"MS","500270","CAMPO GRANDE","0010413","SESAU USF JARDIM MACAUBAS DR SONI LYDIA SOUZA WOLF","0000439533","eSF","3251"
"MS","500270","CAMPO GRANDE","0010421","SESAU USF JARDIM MARABA DRA MARLY ANNA TATTON BERG G PEREIRA","0000439568","eSF","5082"
"MS","500270","CAMPO GRANDE","0028827","SESAU CF MARIA DE LOURDES DOS SANTOS PORTAL CAIOBA","0000439908","eSF","3843"
"MS","500270","CAMPO GRANDE","0010154","SESAU USF CARLOTA DR ASTROGILDO CARMONA","0000439029","eSF","5344"
"MS","500080","ANAURILÂNDIA","2376679","ESTRATEGIA SAUDE DA FAMILIA 1 LUIZ RAMIRO DA SILVA","0000437948","eSF","1290"
"MS","500110","AQUIDAUANA","2659662","UNIDADE DE SAUDE DA FAMILIA SANTA TEREZINHA","0000438189","eSF","3191"
"MS","500450","ITAPORÃ","2361450","UNIDADE DE SAUDE DA FAMILIA COPACABANA","0000442542","eSF","1918"
"MS","500460","ITAQUIRAÍ","2558645","UNIDADE DE SAUDE DA FAMILIA ITAQUIRAI","0000442593","eSF","6789"
"MS","500470","IVINHEMA","2676567","ESF ALBINO JOSE MANICA","0000442712","eSF","4786"
"MS","500540","MARACAJU","7752431","UBS SR MIGUEL PEDROSO FERREIRA ESF EGIDIO RIBEIRO","0001579541","eSF","3989"
"MS","500625","NOVO HORIZONTE DO SUL","2599449","PROGRAMA SAUDE DA FAMILIA NOVO HORIZONTINO","0000443646","eSF","3414"
"MS","500215","BODOQUENA","2676737","ESF 01 DR MARCIA LUIZA APARECIDA PATERLINI","0000438642","eSF","3343"
"MS","500270","CAMPO GRANDE","0024430","SESAU USF UNIVERSITARIO DR GERMANO BARROS DE SOUZA","0000439681","eSF","4746"
"MS","500620","NOVA ANDRADINA","2612046","ESF SAO VICENTE","0000443557","eSF","3797"
"MS","500630","PARANAÍBA","2536412","UNIDADE SAUDE DA FAMILIA DANIEL MARTINS FERREIRA","0000443700","eSF","2780"
"MS","500660","PONTA PORÃ","2361000","UNIDADE BASICA DE SAUDE DA FAMILIA SANGA PUITA JOSE BATAGLIN","0000443905","eSF","6184"
"MS","500660","PONTA PORÃ","3830497","UNIDADE BASICA DE SAUDE DA FAMILIA JOSE ALBERTO F NEVES","0000443999","eSF","6536"
"MS","500720","RIO BRILHANTE","4394542","ESTRATEGIA SAUDE DA FAMILIA NOVA RIO BRILHANTE","0002406543","eSF","1420"
"MS","500740","RIO VERDE DE MATO GROSSO","2375915","UNIDADE DE SAUDE DA FAMILIA CENTRO RIO VERDE","0000444359","eSF","2333"
"MS","500795","TACURU","2611988","UNIDADE DE SAUDE DA FAMILIA DE TACURU NAIR MARIA BRESSAN","0000444901","eSF","3085"
"MS","500100","APARECIDA DO TABOADO","6592910","ESF CENTRAL","0000438138","eSF","4838"
"MS","500110","AQUIDAUANA","2360217","UNIDADE DE SAUDE DA FAMILIA VILA PINHEIRO","0000438162","eSF","2538"
"MS","500270","CAMPO GRANDE","2752530","SESAU CF DRA MARCIA DE SA EARP NOVA LIMA","0000440035","eSF","3314"
"MS","500270","CAMPO GRANDE","0010170","SESAU USF VILA POPULAR DR VESPASIANO BARBOSA MARTINS","0000439088","eSF","3145"
"MS","500295","CHAPADÃO DO SUL","7549903","UNIDADE ESTRATEGIA DA SAUDE DA FAMILIA CENTRAL","0001542990","eSF","5852"
"MS","500830","TRÊS LAGOAS","2757079","UNIDADE DE SAUDE DA FAMILIA JOEL NEVES SILVA","0001691414","eSF","4431"
"MS","500830","TRÊS LAGOAS","2757060","UNIDADE DE SAUDE DA FAMILIA INTERLAGOS GABRIEL MARQUES FERNA","0000445037","eSF","3497"
"MS","500270","CAMPO GRANDE","0010189","SESAU USF LAR DO TRABALHADOR DR NICOLAU FRAGELLI","0000439118","eSF","4125"
"MS","500320","CORUMBÁ","9191801","UNIDADE BASICA DE SAUDE JARDIM DOS ESTADOS","0001547852","eSF","3180"
"MS","500220","BONITO","6416225","UNIDADE DE SAUDE DA FAMILIA DO CENTRO","0000438693","eSF","6479"
"MS","500270","CAMPO GRANDE","0301825","SESAU USF AERO RANCHO GRANJA DRA REGIA JUSSARA F DE BARROS","0002127350","eSF","4648"
"MS","500270","CAMPO GRANDE","9898271","SESAU USF DOM ANTONIO BARBOSA DR EVANDRO M DE ARRUDA","0001717383","eSF","2646"
"MS","500270","CAMPO GRANDE","0028827","SESAU CF MARIA DE LOURDES DOS SANTOS PORTAL CAIOBA","0001508326","eSF","3947"
"MS","500270","CAMPO GRANDE","0010170","SESAU USF VILA POPULAR DR VESPASIANO BARBOSA MARTINS","0001558021","eSF","4039"
"MS","500350","DOURADINA","2536714","UNIDADE SAUDE LAR DE DOURADINA","0000441643","eSF","2301"
"MS","500370","DOURADOS","2711044","UBS VILA VARGAS ANTONIA MARQUES","0000441848","eSF","2723"
"MS","500370","DOURADOS","5398800","UBS CARISMA DR DIVINO ANTONIO LUIZ","0000442100","eSF","4490"
"MS","500060","AMAMBAI","2611961","UNIDADE DE SAUDE DA FAMILIA VILA GLORIA","0000437727","eSF","3059"
"MS","500060","AMAMBAI","2591413","UNIDADE DE SAUDE CENTRAL","0001544691","eSF","2495"
"MS","500070","ANASTÁCIO","2558777","ESTRATEGIA DE SAUDE DA FAMILIA VILA UMBELINA","0000437840","eSF","3548"
"MS","500370","DOURADOS","2711133","UBS CACHOEIRINHA RAMAO VIEIRA","0000441996","eSF","3724"
"MS","500370","DOURADOS","2711109","UBS SELETA BIANOR ALVES DA SILVA","0000442119","eSF","3709"
"MS","500380","FÁTIMA DO SUL","2536730","ESTRATEGIA SAUDE DA FAMILIA VILA EDUCACIONAL","0000442267","eSF","4309"
"MS","500400","GLÓRIA DE DOURADOS","2558718","ESF COHAB","0000442356","eSF","2164"
"MS","500110","AQUIDAUANA","7525877","UNIDADE DE SAUDE DA FAMILIA MODESTO PEREIRA","0001536605","eSF","1385"
"MS","500220","BONITO","5677467","ESF DA VILA AMERICA","0000438685","eSF","4435"
"MS","500260","CAMAPUÃ","2536560","UNIDADE DE SAUDE DA FAMILIA V VILA INDUSTRIAL","0000438847","eSF","1288"
"MS","500520","LADÁRIO","7111592","UNIDADE BASICA DE SAUDE JOAQUIM DA COSTA E FARIA","0000443034","eSF","2702"
"MS","500580","NIOAQUE","2611953","UNIDADE DE SAUDE DA FAMILIA COLONIA CONCEICAO","0000443417","eSF","1889"
"MS","500600","NOVA ALVORADA DO SUL","2482584","UNIDADE BASICA DE SAUDE DA FAMILIA LEONORA DIAS BRITO","0000443484","eSF","2149"
"MS","500270","CAMPO GRANDE","3051374","SESAU USF JARDIM AZALEIA DRA ALDA GUEDES GARCIA OLIVEIRA","0000440140","eSF","4133"
"MS","500270","CAMPO GRANDE","3334406","SESAU USF NOVA ESPERANCA","0000440337","eSF","3956"
"MS","500270","CAMPO GRANDE","0024341","SESAU USF JARDIM ITAMARACA EDSON QUINTINO MENDES","0000439614","eSF","3105"
"MS","500370","DOURADOS","2711052","UBS CUIABAZINHO FREI HUGOLINO BECKER","0000441856","eSF","2626"
"MS","500370","DOURADOS","5592615","UBS NOVO HORIZONTE DR JOAQUIM LOURENCO FILHO","0000442143","eSF","4293"
"MS","500370","DOURADOS","3977927","UBS PARQUE DO LAGO II DR NELSON RODOLFO KOZOROSKI","0001623095","eSF","4655"
"MS","500430","IGUATEMI","2482592","UNIDADE DE SAUDE DA FAMILIA VILA OPERARIA","0000442410","eSF","4189"
"MS","500500","JARDIM","9180613","ESF VI DR CARLITO MARTINS DE OLIVEIRA","0000442844","eSF","4092"
"MS","500510","JATEÍ","2620146","UNIDADE DE SAUDE DA FAMILIA DE JATEI","0000442895","eSF","3441"
"MS","500620","NOVA ANDRADINA","6669239","ESF VILA BEATRIZ","0000443638","eSF","4036"
"MS","500720","RIO BRILHANTE","3865657","ESTRATEGIA SAUDE DA FAMILIA CARLOS VOLPE","0000444251","eSF","4072"
"MS","500755","SANTA RITA DO PARDO","3010708","ESTRATEGIA DE SAUDE DA FAMILIA JOSE GISFREDO","0000444456","eSF","3663"
"MS","500780","SELVÍRIA","6625169","ESF III ESTRETEGIA DA FAMILIA RURAL","0000444669","eSF","1647"
"MS","500568","MUNDO NOVO","2374315","UNIDADE DE SAUDE DA FAMILIA I USF I","0001521306","eSF","3197"
"MS","500620","NOVA ANDRADINA","2612038","ESF CENTRO EDUCACIONAL","0000443549","eSF","3537"
"MS","500630","PARANAÍBA","3050319","UNIDADE SAUDE DA FAMILIA SANTO ANTONIO","0000443786","eSF","3100"
"MS","500660","PONTA PORÃ","9042849","UNIDADE BASICA DE SAUDE DA FAMILIA DR JOSE ISSA","0000443972","eSF","6316"
"MS","500270","CAMPO GRANDE","3311260","SESAU USF SAO CONRADO PASTOR ELISEU FEITOSA DE ALENCAR","0000440310","eSF","4199"
"MS","500270","CAMPO GRANDE","0021679","SESAU USF TRES BARRAS DRA MARIA JOSE DE PAULI","0000439592","eSF","1618"
"MS","500270","CAMPO GRANDE","0024430","SESAU USF UNIVERSITARIO DR GERMANO BARROS DE SOUZA","0000439711","eSF","3790"
"MS","500270","CAMPO GRANDE","0028851","SESAU USF COOPHAVILA II ALFREDO NEDER","0000439991","eSF","3121"
"MS","500660","PONTA PORÃ","2651572","UNIDADE BASICA DE SAUDE DA FAMILIA NEUSA MARIA PEREIRA","0000443980","eSF","6397"
"MS","500660","PONTA PORÃ","5911192","UNIDADE DE SAUDE DA FAMILIA DR PEDRO MONTEIRO DE ALMEIDA","0000444030","eSF","5950"
"MS","500660","PONTA PORÃ","9075062","UNIDADE DE SAUDE DA FAMILIA ENFERMEIRA ELIZA MEDINA BARRETO","0001635379","eSF","5009"
"MS","500710","RIBAS DO RIO PARDO","2536943","ESTRATEGIA DE SAUDE DA FAMILIA MIGUEL PEREIRA DA SILVA","0000444146","eSF","5892"
"MS","500769","SÃO GABRIEL DO OESTE","2370999","UNIDADE DE SAUDE DA FAMILIA FENIX IV","0000444502","eSF","4350"
"MS","500210","BELA VISTA","6645755","ESTRATEGIA DE SAUDE DA FAMILIA RURAL II","0002331829","eAP","626"
"MS","500210","BELA VISTA","6507050","ESF DR THYRSON LOUREIRO DE ALMEIDA","0001546333","eAPP","15"
"MS","500630","PARANAÍBA","6178774","UNIDADE DE SAUDE DO SISTEMA PRISIONAL","0000443816","eAPP","506"
"MS","500770","SETE QUEDAS","7679114","EQUIPE DE ATENCAO BASICA PRESIONAL DE SETE QUEDAS","0001575805","eAPP","0"
"MS","500320","CORUMBÁ","2559498","UNIDADE BASICA DE SAUDE GASTAO DE OLIVEIRA","0002475626","eAPP","0"
"MS","500220","BONITO","6416225","UNIDADE DE SAUDE DA FAMILIA DO CENTRO","0001542184","eAPP","17"
"MS","500260","CAMAPUÃ","6375014","UNIDADE DE SAUDE DA FAMILIA III CENTRAL","0001605992","eAPP","5"
"MS","500370","DOURADOS","9261982","UBS PRISIONAL PED","0002227770","eAPP","1166"
"MS","500270","CAMPO GRANDE","9518231","DSP ESTAB PENAL DE SEGURANCA MAXIMA JAIR FERREIRA DE CARVALH","0001662392","eAPP","1476"
"MS","500270","CAMPO GRANDE","7975783","DSP MODULO DE SAUDE DO COMPLEXO PENITENCIARIO DE CPO GDE MS","0001613480","eAPP","2670"
"MS","500560","MIRANDA","2376024","UNIDADE BASICA DE SAUDE DE MIRANDA","0002384779","eAP-20h","902"
"MS","500800","TERENOS","4806719","ESF SETE DE SETEMBRO","0002480123","eSF","560"
"MS","500800","TERENOS","4643240","ESF ARMANDO LUCIO NANTES","0002455080","eSF","1675"
"MS","500270","CAMPO GRANDE","0010189","SESAU USF LAR DO TRABALHADOR DR NICOLAU FRAGELLI","0002343339","eAP-20h","1993"
"MS","500755","SANTA RITA DO PARDO","7456018","ESTRATEGIA DE SAUDE DA FAMILIA NAIR FERNANDES ALVES","0002372061","eAP-20h","419"
"MS","500480","JAPORÃ","2374382","UNIDADE BASICA DE SAUDE DE JAPORA","0000442747","eAP-30h","752"
"MS","500240","CAARAPÓ","2376199","UNIDADE BASICA DE SAUDE FELOMENA ROSA MARTINS","0002242974","eAP-30h","949"
"MS","500470","IVINHEMA","2371154","EAP OVICTO FERRARI","0000442674","eAP-30h","6128"
"MS","500230","BRASILÂNDIA","9139249","UNIDADE BASICA DE SAUDE ESF RURAL","0000438758","eSF","2684"
"MS","500270","CAMPO GRANDE","2752530","SESAU CF DRA MARCIA DE SA EARP NOVA LIMA","0001674196","eSF","3723"
"MS","500270","CAMPO GRANDE","3051927","SESAU USF ZE PEREIRA DR JURANDYR DE CASTRO COIMBRA","0001644734","eSF","3118"
"MS","500270","CAMPO GRANDE","0010146","SESAU USF MATA DO JACINTO DR ADEMAR GUEDES DE SOUZA","0001644939","eSF","4198"
"MS","500325","COSTA RICA","2559048","UNIDADE DE SAUDE DA FAMILIA SONHO MEU III","0000441376","eSF","4514"
"MS","500325","COSTA RICA","3182460","UNIDADE DA SAUDE DA FAMILIA CENTRAL","0000441384","eSF","4726"
"MS","500330","COXIM","2752573","PSF DR MANUEL GASPAR MANSO PERES","0000441481","eSF","3232"
"MS","500795","TACURU","5683386","UNIDADE BASICA DE SAUDE DA FAMILIA AURELIANO DURE","0001556274","eSF","2718"
"MS","500830","TRÊS LAGOAS","2757117","UNIDADE DE SAUDE DA FAMILIA SANTA RITA","0001691716","eSF","3589"
"MS","500270","CAMPO GRANDE","0010197","SESAU USF SERRADINHO DR SUMIE IKEDA RODRIGUES","0000439134","eSF","3378"
"MS","500320","CORUMBÁ","2591553","UNIDADE BASICA DE SAUDE RURAL MATO GRANDE","0000441244","eSF","1161"
"MS","500320","CORUMBÁ","6590209","UNIDADE BASICA DE SAUDE DR PEDRO PAULO DE BARROS","0000441317","eSF","2390"
"MS","500320","CORUMBÁ","2376105","UNIDADE BASICA DE SAUDE BRENO DE MEDEIROS","0000441082","eSF","3230"
"MS","500370","DOURADOS","2710862","UBS IZIDRO PEDROSO DR MOACIR STEIN ARRUDA","0000441732","eSF","3200"
"MS","500370","DOURADOS","5592593","UBS ALTOS DO INDAIA DRA HELENA YOSHIE MORIBE","0001623117","eSF","3756"
"MS","500270","CAMPO GRANDE","0024430","SESAU USF UNIVERSITARIO DR GERMANO BARROS DE SOUZA","0001482688","eSF","5225"
"MS","500270","CAMPO GRANDE","0024422","SESAU USF SANTA CARMELIA DR ALBINO COIMBRA","0001614843","eSF","3923"
"MS","500270","CAMPO GRANDE","3005690","SESAU USF JARDIM NOROESTE","0001572601","eSF","4645"
"MS","500270","CAMPO GRANDE","0010308","SESAU USF JOCKEY CLUB DR JORGE DAVID NASSER","0001707930","eSF","5250"
"MS","500270","CAMPO GRANDE","3198278","SESAU USF PAULO COELHO MACHADO","0000440213","eSF","3406"
"MS","500270","CAMPO GRANDE","0010421","SESAU USF JARDIM MARABA DRA MARLY ANNA TATTON BERG G PEREIRA","0000439576","eSF","4809"
"MS","500270","CAMPO GRANDE","0024481","SESAU USF NOVA BAHIA CONSELHEIRO DE SAUDE EDNEY A DE CAMPOS","0000439878","eSF","3927"
"MS","500270","CAMPO GRANDE","0010251","SESAU USF CAICARA DR ALBERTO NEDER","0000439274","eSF","3159"
"MS","500110","AQUIDAUANA","2360225","ESTRATEGIA DE SAUDE DA FAMILIA CAMISAO","0000438170","eSF","1707"
"MS","500500","JARDIM","2376385","PROGRAMA SAUDE DA FAMILIA DR REINALDO DE ARRUDA","0000442828","eSF","4545"
"MS","500540","MARACAJU","2470624","UBS ESF DR CLEMENTINO BARROS WANDERLEI","0001468448","eSF","5748"
"MS","500660","PONTA PORÃ","2651564","CENTRO INTEGRADO DE SAUDE CIS TERTULIANA DE FREITAS","0002225948","eSF","8431"
"MS","500720","RIO BRILHANTE","3085287","ESTRATEGIA SAUDE DA FAMILIA FAUZER SALIBA","0000444243","eSF","4551"
"MS","500740","RIO VERDE DE MATO GROSSO","2376997","UNIDADE SAUDE FAMILIA PSF RURAL","0000444367","eSF","1640"
"MS","500240","CAARAPÓ","7745273","ESTRATEGIA DE SAUDE DA FAMILIA EVANIR GOMES","0001579908","eSF","4282"
"MS","500270","CAMPO GRANDE","0024473","SESAU USF CORONEL ANTONINO DR ARTHUR VASCONCELOS DIAS","0001675958","eSF","4844"
"MS","500270","CAMPO GRANDE","3080021","SESAU USF JARDIM TARUMA DR EMILIO GARBELOTI NETO","0000440205","eSF","2464"
"MS","500270","CAMPO GRANDE","0010286","SESAU USF COHAB DR OLIMPIO CAVALHEIRO","0000439339","eSF","3739"
"MS","500270","CAMPO GRANDE","0010332","SESAU USF SAO FRANCISCO","0000439452","eSF","3389"
"MS","500635","PARANHOS","3005429","PROGRAMA DE SAUDE DA FAMILIA URBANA CENTRO","0000443859","eSF","4652"
"MS","500660","PONTA PORÃ","2651521","UNIDADE BASICA DE SAUDE DA FAMILIA NELSON MACHADO DIAS","0000443921","eSF","5693"
"MS","500690","PORTO MURTINHO","4461010","ESF III DULCEMAR FESTUGATTO","0002459736","eSF","613"
"MS","500740","RIO VERDE DE MATO GROSSO","2375907","UNIDADE SAUDE FAMILIA DE VILA NOVA","0000444340","eSF","2966"
"MS","500830","TRÊS LAGOAS","3453766","USF CHACARA ELDORADO","0002283093","eSF","2907"
"MS","500800","TERENOS","5337135","ESF VILA JAMIL","0000444979","eSF","4238"
"MS","500830","TRÊS LAGOAS","2757141","UNIDADE DE SAUDE DA FAMILIA VILA HARO","0000445169","eSF","2986"
"MS","500830","TRÊS LAGOAS","6343864","UNIDADE DE SAUDE DA FAMILIA JARDIM MARISTELA","0000445258","eSF","4052"
"MS","500830","TRÊS LAGOAS","2757095","UNIDADE DE SAUDE DA FAMILIA MIGUEL NUNES","0000445061","eSF","4857"
"MS","500124","ARAL MOREIRA","2591383","UNIDADE BASICA DE SAUDE CIRILLO ROSSATI","0000438340","eSF","4756"
"MS","500270","CAMPO GRANDE","0028835","SESAU USF PARQUE DO SOL DR BENJAMIM ASATO","0000439975","eSF","2821"
"MS","500270","CAMPO GRANDE","3005690","SESAU USF JARDIM NOROESTE","0000440043","eSF","5186"
"MS","500320","CORUMBÁ","6091458","UNIDADE BASICA DE SAUDE DR HUMBERTO PEREIRA","0000441287","eSF","3430"
"MS","500330","COXIM","2752549","POLICLINICA LOURDES FONTOURA","0001497871","eSF","4157"
"MS","500830","TRÊS LAGOAS","9615946","UNIDADE DE SAUDE DA FAMILIA NOVO OESTE PASTOR MARCOS ROGERIO","0001655841","eSF","4155"
"MS","500830","TRÊS LAGOAS","2757060","UNIDADE DE SAUDE DA FAMILIA INTERLAGOS GABRIEL MARQUES FERNA","0000445029","eSF","3824"
"MS","500830","TRÊS LAGOAS","2757095","UNIDADE DE SAUDE DA FAMILIA MIGUEL NUNES","0002374978","eSF","2692"
"MS","500280","CARACOL","7500874","ESF IRIA CONCEICAO ALVARENGA MENDES","0001531859","eSF","982"
"MS","500270","CAMPO GRANDE","9022007","SESAU USF ANA MARIA DO COUTO","0001644742","eSF","3802"
"MS","500270","CAMPO GRANDE","9983449","SESAU USF CRISTO REDENTOR DR CARLOS A JURGIELEWCZ","0001717367","eSF","4327"
"MS","500330","COXIM","0491977","ILDA APARECIDA COMETKI SAO JOSE","0000441511","eSF","3364"
"MS","500370","DOURADOS","2710870","UBS SANTO ANDRE MARLUCIA ARAUJO LUPINETTI","0000441767","eSF","3854"
"MS","500370","DOURADOS","3489159","UBS BEM TE VI VEREADOR AMERICO MONTEIRO SALGADO","0000442070","eSF","3448"
"MS","500325","COSTA RICA","2375788","UNIDADE SAUDE FAMILIA VALE DO AMANHECER","0000441325","eSF","4883"
"MS","500348","DOIS IRMÃOS DO BURITI","2591510","UNIDADE DE SAUDE DA FAMILIA MARCOS FREIRE","0000441589","eSF","3157"
"MS","500370","DOURADOS","2710811","UBS INDAPOLIS VEREADOR FREDERICO BERNARDO FRITZ HOLTERMANN","0000441678","eSF","3145"
"MS","500370","DOURADOS","2711117","UBS MARACANA MOTOHIDE HIRAISHI","0000441945","eSF","4357"
"MS","500370","DOURADOS","2711109","UBS SELETA BIANOR ALVES DA SILVA","0001524283","eSF","5187"
"MS","500370","DOURADOS","7489102","UBS GUAICURUS ERISVALDO MENDONCA DOS SANTOS","0001620266","eSF","3556"
"MS","500070","ANASTÁCIO","2591499","ESTRATEGIA DE SAUDE DA FAMILIA ANASTACIO","0000437867","eSF","4928"
"MS","500110","AQUIDAUANA","7065817","ESTRATEGIA DE SAUDE DA FAMILIA IZAURA BAES","0000438324","eSF","3391"
"MS","500150","BANDEIRANTES","2536447","UBSF CIRO ABDO","0000438375","eSF","3422"
"MS","500210","BELA VISTA","2710692","UNIDADE DE SAUDE DA FAMILIA FIORI MURANO","0000438618","eSF","1086"
"MS","500260","CAMAPUÃ","2536617","UNIDADE DE SAUDE DA FAMILIA IV CRISTO REDENTOR","0000438863","eSF","2666"
"MS","500270","CAMPO GRANDE","0301825","SESAU USF AERO RANCHO GRANJA DRA REGIA JUSSARA F DE BARROS","0002127342","eSF","4538"
"MS","500515","JUTI","8011419","UNIDADE DE SAUDE DA FAMILIA RURAL JUTI","0000442968","eSF","2462"
"MS","500540","MARACAJU","7506481","UBS ESF DR ORESTES ROCHA","0001530704","eSF","2830"
"MS","500560","MIRANDA","4717503","DR NELSON DAX","0002273721","eSF","2148"
"MS","500270","CAMPO GRANDE","0010324","SESAU USF ESTRELA DO SUL DR WILLIAN MACKSOUD","0000439436","eSF","4299"
"MS","500270","CAMPO GRANDE","0010340","SESAU USF ALVES PEREIRA DR WALFRIDO AZAMBUJA","0000439479","eSF","3428"
"MS","500270","CAMPO GRANDE","0010413","SESAU USF JARDIM MACAUBAS DR SONI LYDIA SOUZA WOLF","0000439525","eSF","3657"
"MS","500270","CAMPO GRANDE","0024465","SESAU USF DONA NETA GUANANDI ENG ARTHUR HOKAMA","0000439827","eSF","4657"
"MS","500270","CAMPO GRANDE","0010138","SESAU USF SILVIA REGINA DRA ELEONORA M QUEVEDO","0000438987","eSF","3830"
"MS","500400","GLÓRIA DE DOURADOS","2376504","UNIDADE BASICA DE SAUDE DE GLORIA DE DOURADOS","0000442364","eSF","2501"
"MS","500525","LAGUNA CARAPÃ","7477317","UNIDADE DE SAUDE DA FAMILIA URBANA II","0001522213","eSF","4313"
"MS","500570","NAVIRAÍ","8005567","ESF PARAISO I","0000443387","eSF","2224"
"MS","500630","PARANAÍBA","2536412","UNIDADE SAUDE DA FAMILIA DANIEL MARTINS FERREIRA","0000443719","eSF","2729"
"MS","500660","PONTA PORÃ","2651564","CENTRO INTEGRADO DE SAUDE CIS TERTULIANA DE FREITAS","0002225921","eSF","5936"
"MS","500690","PORTO MURTINHO","3926974","ESF II LUIZ AUGUSTO MIRANDA CODORNIZ","0000444111","eSF","2549"
"MS","500470","IVINHEMA","4115139","UNIDADE BASICA DE SAUDE DO BAIRRO TRIGUENA","0002305488","eSF","889"
"MS","500490","JARAGUARI","2651467","UNIDADE DE SAUDE FAMILIA I","0000442801","eSF","2535"
"MS","500540","MARACAJU","2646897","UBS NESTOR FERREIRA MUZZI ESF DA FAMILIA MARACAJU","0000443093","eSF","4657"
"MS","500570","NAVIRAÍ","5966523","ESF MARIA DE LOURDES DOS SANTOS","0000443336","eSF","3796"
"MS","500635","PARANHOS","2710587","PROGRAMA DE SAUDE DA FAMILIA URBANO VILA NOVA","0000443824","eSF","4024"
"MS","500080","ANAURILÂNDIA","2376660","UNIDADE BASICA DE SAUDE DA FAMILIA KASUSIQUE UMADA","0000437921","eSF","2733"
"MS","500270","CAMPO GRANDE","0010227","SESAU USF 26 DE AGOSTO JAIR GARCIA DE FREITAS","0001482483","eSF","5027"
"MS","500270","CAMPO GRANDE","0010154","SESAU USF CARLOTA DR ASTROGILDO CARMONA","0001482696","eSF","4644"
"MS","500270","CAMPO GRANDE","0028851","SESAU USF COOPHAVILA II ALFREDO NEDER","0001706543","eSF","2445"
"MS","500270","CAMPO GRANDE","5672341","SESAU USF ESTRELA DALVA DR JOAO MIGUEL BASMAGE","0000440450","eSF","3661"
"MS","500270","CAMPO GRANDE","9230246","SESAU USF SIRIO LIBANES DR SYRZIL WILSON MAKSOUD","0000439355","eSF","3578"
"MS","500660","PONTA PORÃ","0998400","UNIDADE BASICA DA FAMILIA DR RODRIGO LIMA VILHANUEVA","0001635360","eSF","4513"
"MS","500755","SANTA RITA DO PARDO","7456018","ESTRATEGIA DE SAUDE DA FAMILIA NAIR FERNANDES ALVES","0001535226","eSF","3379"
"MS","500769","SÃO GABRIEL DO OESTE","3400964","UNIDADE DE SAUDE DA FAMILIA RURAL VII","0000444537","eSF","2830"
"MS","500770","SETE QUEDAS","5040434","PSF VILA DAS MARIAS","0000444618","eSF","2802"
"MS","500800","TERENOS","7015283","ESF JAMIC","0000445002","eSF","2052"
"MS","500800","TERENOS","5529182","ESF SANTA MONICA","0000444995","eSF","643"
"MS","500660","PONTA PORÃ","5683238","UNIDADE BASICA DE SAUDE DA FAMILIA ROSANGELA PEREIRA SILVA","0002518481","eAP","0"
"MS","500660","PONTA PORÃ","5683238","UNIDADE BASICA DE SAUDE DA FAMILIA ROSANGELA PEREIRA SILVA","0002518503","eAP","0"
"MS","500060","AMAMBAI","2591413","UNIDADE DE SAUDE CENTRAL","0002324334","eAP","118"
"MS","500830","TRÊS LAGOAS","2757060","UNIDADE DE SAUDE DA FAMILIA INTERLAGOS GABRIEL MARQUES FERNA","0002220229","eCR","267"
"MS","500110","AQUIDAUANA","2659670","UNIDADE DE SAUDE DA FAMILIA CIDADE NOVA","0002202840","eAPP","20"
"MS","500690","PORTO MURTINHO","3926974","ESF II LUIZ AUGUSTO MIRANDA CODORNIZ","0002215632","eAPP","6"
"MS","500627","PARAÍSO DAS ÁGUAS","7191561","ESF ARISTOTELES GARCIA VIDA","0002278227","eAPP","10"
"MS","500270","CAMPO GRANDE","0378704","DSP PENITENCIARIA ESTADUAL MASC REGIME FECHADO GAMELEIRA I","0002222248","eAPP","6"
"MS","500060","AMAMBAI","6285147","UNIDADE DE SAUDE PENITENCIARIA DE AMAMBAI","0000437751","eAPP","479"
"MS","500270","CAMPO GRANDE","7773145","DSP ESTABELECIMENTO PENAL FEMININO IRMA IRMA ZORZI EPFIIZ","0002222213","eAPP","50"
"MS","500370","DOURADOS","2710897","UBS VILA ROSA","0002277727","eAP-20h","5244"
"MS","500240","CAARAPÓ","2376202","UNIDADE BASICA DE SAUDE IDALIA ROSA DE JESUS","0002242907","eAP-20h","1087"
"MS","500370","DOURADOS","2711109","UBS SELETA BIANOR ALVES DA SILVA","0001638572","eAP-30h","6163"
"MS","500230","BRASILÂNDIA","2710730","UNIDADE SAUDE DA FAMILIA II DR ANDRE PUCCINELLI","0000438766","eSF","3864"
"MS","500190","BATAGUASSU","5498147","UNIDADE DE SAUDE PSF RURAL","0000438413","eSF","1033"
"MS","500270","CAMPO GRANDE","0010197","SESAU USF SERRADINHO DR SUMIE IKEDA RODRIGUES","0001717340","eSF","3907"
"MS","500315","CORONEL SAPUCAIA","2603462","UNIDADE BASICA DE SAUDE MOISES VITORIO BORTOLAZO","0000441031","eSF","4735"
"MS","500320","CORUMBÁ","2536676","UNIDADE BASICA DE SAUDE ROSIMEIRE DOS SANTOS AJALA","0000441155","eSF","3092"
"MS","500320","CORUMBÁ","0148636","UNIDADE BASICA DE SAUDE DR BONIFACIO TIKAYOSHI TIAEN","0002059045","eSF","3696"
"MS","500830","TRÊS LAGOAS","2757133","UNIDADE DE SAUDE DA FAMILIA VILA ALEGRE","0001629573","eSF","4296"
"MS","500320","CORUMBÁ","2591553","UNIDADE BASICA DE SAUDE RURAL MATO GRANDE","0001547518","eSF","1003"
"MS","500345","DEODÁPOLIS","8005575","ESTRATEGIA DE SAUDE DA FAMILIA CENTRO","0000441562","eSF","3607"
"MS","500370","DOURADOS","5592607","UBS CABECEIRA ALEGRE LEVY SCHAUSTZ","0000442127","eSF","3328"
"MS","500270","CAMPO GRANDE","0024465","SESAU USF DONA NETA GUANANDI ENG ARTHUR HOKAMA","0001558056","eSF","3979"
"MS","500270","CAMPO GRANDE","0028851","SESAU USF COOPHAVILA II ALFREDO NEDER","0001706535","eSF","3492"
"MS","500270","CAMPO GRANDE","5672368","SESAU USF JARDIM SEMINARIO MESTRE JOSE ALBERTO VERONESE","0000440515","eSF","5181"
"MS","500270","CAMPO GRANDE","7096895","SESAU USF JARDIM BATISTAO DR HELIO MARTINS COELHO","0000440663","eSF","3717"
"MS","500270","CAMPO GRANDE","0024449","SESAU USF AERO RANCHO DR SEBASTIAO ELOY PEREIRA","0000439754","eSF","5177"
"MS","500270","CAMPO GRANDE","0010227","SESAU USF 26 DE AGOSTO JAIR GARCIA DE FREITAS","0000439207","eSF","5769"
"MS","500020","ÁGUA CLARA","3989372","UBSF MARIA DO CARMO DA SILVA MARIA","0000437654","eSF","4792"
"MS","500060","AMAMBAI","6003370","POSTO DE SAUDE VILA SAO LUIZ ESF","0000437743","eSF","3790"
"MS","500070","ANASTÁCIO","6989438","ESTRATEGIA DE SAUDE DA FAMILIA ALTOS DA CIDADE","0000437905","eSF","2316"
"MS","500110","AQUIDAUANA","6310834","ESTRATEGIA DE SAUDE DA FAMILIA CIPOLANDIA","0000438294","eSF","1485"
"MS","500150","BANDEIRANTES","2536439","UBSF GEDEAO NOGUEIRA DA ROCHA","0000438367","eSF","4428"
"MS","500450","ITAPORÃ","7261179","UNIDADE DE SAUDE DA FAMILIA JARDIM SAO BENTO","0001474553","eSF","3999"
"MS","500568","MUNDO NOVO","2374315","UNIDADE DE SAUDE DA FAMILIA I USF I","0000443239","eSF","3368"
"MS","500570","NAVIRAÍ","3126013","ESF BOA VISTA","0000443298","eSF","3100"
"MS","500630","PARANAÍBA","3050238","UNIDADE SAUDE DA FAMILIA SANTANA","0000443727","eSF","4847"
"MS","500635","PARANHOS","2710595","PROGRAMA SAUDE DA FAMILIA RURAL","0000443840","eSF","1274"
"MS","500660","PONTA PORÃ","5971918","UNIDADE BASICA DE SAUDE DA FAMILIA ANDERSON LUIZ M GODOY","0000444057","eSF","7192"
"MS","500730","RIO NEGRO","2376903","UNIDADE SAUDE DA FAMILIA DE RIO NEGRO","0000444316","eSF","3460"
"MS","500220","BONITO","2376369","UNIDADE DE SAUDE DE FAMILIA RINCAO BONITO","0000438669","eSF","3948"
"MS","500270","CAMPO GRANDE","0024473","SESAU USF CORONEL ANTONINO DR ARTHUR VASCONCELOS DIAS","0001675931","eSF","3715"
"MS","500270","CAMPO GRANDE","3499642","SESAU USF JARDIM PRESIDENTE DR NASRI SIUFI","0002282089","eSF","3336"
"MS","500270","CAMPO GRANDE","7096887","SESAU USF AERO RANCHO IV DR NELSON TOKUEI SIMABUKURO","0000440612","eSF","3481"
"MS","500270","CAMPO GRANDE","0024449","SESAU USF AERO RANCHO DR SEBASTIAO ELOY PEREIRA","0000439746","eSF","4760"
"MS","500270","CAMPO GRANDE","0024457","SESAU USF TIRADENTES DR ANTONIO PEREIRA","0000439770","eSF","4285"
"MS","500620","NOVA ANDRADINA","2612070","ESF VILA OPERARIA","0000443581","eSF","3910"
"MS","500660","PONTA PORÃ","9387919","UNIDADE BASICA DA FAMILIA DRA NISLAINE COLMAN BENITES","0001638343","eSF","5109"
"MS","500780","SELVÍRIA","2371111","UNIDADE BASICA DE SAUDE CELIO MOURA DA SILVA","0000444642","eSF","4415"
"MS","500790","SIDROLÂNDIA","2370883","CENTRO DE SAUDE DE SIDROLANDIA","0000444715","eSF","6579"
"MS","500793","SONORA","7441126","UNIDADE DE SAUDE DA FAMILIA VISTA DO LAGO","0001519697","eSF","3426"
"MS","500830","TRÊS LAGOAS","2757117","UNIDADE DE SAUDE DA FAMILIA SANTA RITA","0000445126","eSF","3278"
"MS","500830","TRÊS LAGOAS","2757125","UNIDADE DE SAUDE DA FAMILIA SANTO ANDRE","0000445142","eSF","4448"
"MS","500830","TRÊS LAGOAS","2757141","UNIDADE DE SAUDE DA FAMILIA VILA HARO","0000445185","eSF","3744"
"MS","500100","APARECIDA DO TABOADO","2676699","ESF VILA SAO JERONIMO","0000438073","eSF","3783"
"MS","500110","AQUIDAUANA","5601010","UNIDADE DE SAUDE DA FAMILIA BAIRRO ALTO","0000438251","eSF","2858"
"MS","500200","BATAYPORÃ","5435196","ESTRATEGIA DE SAUDE DA FAMILIA ANORINDA MARCELINA","0000438529","eSF","3945"
"MS","500270","CAMPO GRANDE","3051358","SESAU USF MARIO COVAS DR WAGNER JORGE BORTOTTO GARCIA","0000440094","eSF","3831"
"MS","500270","CAMPO GRANDE","0010154","SESAU USF CARLOTA DR ASTROGILDO CARMONA","0000439010","eSF","6419"
"MS","500270","CAMPO GRANDE","0010162","SESAU USF BURITI DR IVAN HIDELBRAND DA COSTA","0000439061","eSF","3316"
"MS","500310","CORGUINHO","6504280","ESF RURAL DE CORGUINHO","0000441015","eSF","1499"
"MS","500320","CORUMBÁ","2376148","UNIDADE BASICA DE SAUDE FERNANDO MOUTINHO","0000441104","eSF","3644"
"MS","500830","TRÊS LAGOAS","9543333","UNIDADE DE SAUDE DA FAMILIA NOVA TRES LAGOAS","0002302969","eSF","3839"
"MS","500270","CAMPO GRANDE","0010146","SESAU USF MATA DO JACINTO DR ADEMAR GUEDES DE SOUZA","0000438995","eSF","4054"
"MS","500270","CAMPO GRANDE","0010197","SESAU USF SERRADINHO DR SUMIE IKEDA RODRIGUES","0000439150","eSF","4094"
"MS","500290","CASSILÂNDIA","2375753","UNIDADE BASICA DE SAUDE JOAO ALBINO CARDOSO","0000440884","eSF","3551"
"MS","500220","BONITO","2710757","UNIDADE SAUDE DA FAMILIA VILA DONARIA","0000438677","eSF","6089"
"MS","500270","CAMPO GRANDE","0021660","SESAU USF AGUAO MANOEL CORDEIRO","0001478400","eSF","1220"
"MS","500270","CAMPO GRANDE","0010413","SESAU USF JARDIM MACAUBAS DR SONI LYDIA SOUZA WOLF","0001644718","eSF","3595"
"MS","500270","CAMPO GRANDE","0010235","SESAU USF VILA NASSER DR MILTON KOJO CHINEN","0001672274","eSF","2802"
"MS","500270","CAMPO GRANDE","3051927","SESAU USF ZE PEREIRA DR JURANDYR DE CASTRO COIMBRA","0000440175","eSF","2684"
"MS","500370","DOURADOS","2711168","UBS PARQUE DAS NACOES I OTAVIA VITORINO SERRANTE","0001623087","eSF","3070"
"MS","500380","FÁTIMA DO SUL","2558505","ESTRATEGIA SAUDE DA FAMILIA DE CULTURAMA","0000442275","eSF","2971"
"MS","500060","AMAMBAI","2559455","UNIDADE DE SAUDE DA FAMILIA VILA VILARINHO","0000437700","eSF","3395"
"MS","500345","DEODÁPOLIS","2558556","ESTRATEGIA DE SAUDE DA FAMILIA PROFESSORA JUVELINA","0002309572","eSF","778"
"MS","500370","DOURADOS","2711168","UBS PARQUE DAS NACOES I OTAVIA VITORINO SERRANTE","0000442046","eSF","3246"
"MS","500240","CAARAPÓ","3488381","ESTRATEGIA DE SAUDE DA FAMILIA VALDEMAR FERREIRA MUZZI","0000438812","eSF","4746"
"MS","500270","CAMPO GRANDE","9013415","SESAU USF JARDIM PARADISO PEDRO FELIX DE SOUZA","0001678469","eSF","3698"
"MS","500525","LAGUNA CARAPÃ","2482541","UNIDADE DE SAUDE DA FAMILIA URBANA","0000443050","eSF","2158"
"MS","500560","MIRANDA","4505905","CENTRAL 01","0002249936","eSF","2408"
"MS","500568","MUNDO NOVO","3463567","UNIDADE DE SAUDE DA FAMILIA III USF III","0000443255","eSF","2642"
"MS","500270","CAMPO GRANDE","5672341","SESAU USF ESTRELA DALVA DR JOAO MIGUEL BASMAGE","0000440493","eSF","3820"
"MS","500270","CAMPO GRANDE","7108001","SESAU USF JARDIM BOTAFOGO DR ELIZABETH WANDERLE TOBARU","0000440701","eSF","3502"
"MS","500270","CAMPO GRANDE","0010332","SESAU USF SAO FRANCISCO","0000439460","eSF","3376"
"MS","500270","CAMPO GRANDE","0010340","SESAU USF ALVES PEREIRA DR WALFRIDO AZAMBUJA","0000439495","eSF","2708"
"MS","500270","CAMPO GRANDE","0024341","SESAU USF JARDIM ITAMARACA EDSON QUINTINO MENDES","0000439657","eSF","2221"
"MS","500270","CAMPO GRANDE","0024449","SESAU USF AERO RANCHO DR SEBASTIAO ELOY PEREIRA","0000439738","eSF","4937"
"MS","500270","CAMPO GRANDE","0024473","SESAU USF CORONEL ANTONINO DR ARTHUR VASCONCELOS DIAS","0000439835","eSF","2280"
"MS","500370","DOURADOS","2711141","UBS VILA HILDA DR ARCHIDUQUE FERNANDES","0000442038","eSF","3538"
"MS","500370","DOURADOS","9837663","UBS ILDEFONSO PEDROSO DR LUIZ CARLOS SIEBERT","0001686208","eSF","3031"
"MS","500380","FÁTIMA DO SUL","7290810","ESTRATEGIA SAUDE DA FAMILIA JARDIM SAO PAULO","0001479067","eSF","3171"
"MS","500380","FÁTIMA DO SUL","2558467","ESTRATEGIA SAUDE DA FAMILIA JARDIM BRASILANDIA","0000472271","eSF","2352"
"MS","500390","FIGUEIRÃO","3670430","UNIDADE BASICA DE SAUDE ARINDO RODRIGUES DA SILVA","0000442313","eSF","3702"
"MS","500540","MARACAJU","6784992","UBS ESF JOAO LEOPOLDO KOCH NETTO","0000443166","eSF","6205"
"MS","500540","MARACAJU","2470640","CENTRO DE ESPECIALIDADE E ESF OLIVIO FERREIRA DE LIMA","0000443077","eSF","2422"
"MS","500560","MIRANDA","7072600","ESF VITORIO VEDOVATO","0000443220","eSF","2710"
"MS","500568","MUNDO NOVO","2536846","UNIDADE DE SAUDE DA FAMILIA II MUNDO NOVO USF II","0000443247","eSF","4518"
"MS","500580","NIOAQUE","5058686","UNIDADE DE SAUDE DA FAMILIA PALMEIRA COLONIA NOVA MARIA OL","0000443433","eSF","589"
"MS","500600","NOVA ALVORADA DO SUL","7419589","UNIDADE BASICA DE SAUDE JOSE ALBERTO GUEDES","0002185415","eSF","3405"
"MS","500627","PARAÍSO DAS ÁGUAS","7191561","ESF ARISTOTELES GARCIA VIDA","0000443662","eSF","4551"
"MS","500630","PARANAÍBA","3050343","UNIDADE SAUDE DA FAMILIA DRA ANNA LYGIA M COELHO","0000443794","eSF","4154"
"MS","500640","PEDRO GOMES","2376970","UNIDADE SAUDE DA FAMILIA VILA MARCELINO","0000443875","eSF","2845"
"MS","500660","PONTA PORÃ","9003479","UNIDADE BASICA DE SAUDE DA FAMILIA ZENEIDA TERRA DE SIQUEIRA","0000443948","eSF","5206"
"MS","500660","PONTA PORÃ","2651556","UNIDADE BASICA DE SAUDE DA FAMILIA LAR GERALDO GARCIA","0000443956","eSF","3677"
"MS","500720","RIO BRILHANTE","7323093","ESTRATEGIA SAUDE DA FAMILIA BRILHANTE","0001484737","eSF","2733"
"MS","500769","SÃO GABRIEL DO OESTE","2370980","UNIDADE DE SAUDE DA FAMILIA JARDIM GRAMADO I","0000444499","eSF","3398"
"MS","500790","SIDROLÂNDIA","3959198","PSF DO JARDIM CASCATINHA II","0000444774","eSF","4397"
"MS","500500","JARDIM","5597951","PROGRAMA SAUDE DA FAMILIA DR ANTONIO LUIZ COIMBRA GRUBERT","0000442879","eSF","4709"
"MS","500568","MUNDO NOVO","3463567","UNIDADE DE SAUDE DA FAMILIA III USF III","0001521292","eSF","3542"
"MS","500620","NOVA ANDRADINA","2612054","ESF NOVA CASA VERDE","0000443565","eSF","3235"
"MS","500060","AMAMBAI","6967752","POSTO DE SAUDE VILAS JARDIM PANORAMA E ORLANDO VIOL","0000437816","eSF","3143"
"MS","500070","ANASTÁCIO","2599406","ESTRATEGIA DE SAUDE DA FAMILIA MONJOLINHO","0000437875","eSF","1551"
"MS","500090","ANTÔNIO JOÃO","2710617","ESF BRUM DE OLIVEIRA","0000438022","eSF","2993"
"MS","500100","APARECIDA DO TABOADO","3684539","ESF JARDIM DO LAGO","0000438103","eSF","4194"
"MS","500270","CAMPO GRANDE","7096887","SESAU USF AERO RANCHO IV DR NELSON TOKUEI SIMABUKURO","0000440604","eSF","3791"
"MS","500660","PONTA PORÃ","6384587","UNIDADE BASICA DESAUDE DA FAMILIA DR CARLOS AUGUSTO PISSINI","0000444081","eSF","2173"
"MS","500720","RIO BRILHANTE","6727042","ESTRATEGIA SAUDE DA FAMILIA CELINA MARTINS JALAD XIV","0000444294","eSF","6099"
"MS","500740","RIO VERDE DE MATO GROSSO","2374412","UNIDADE SAUDE DA FAMILIA DA NOVA RIO VERDE","0000444332","eSF","3007"
"MS","500290","CASSILÂNDIA","2536277","UNIDADE BASICA DE SAUDE MARISTELA BERETTA","0002448947","eAP","0"
"MS","500210","BELA VISTA","6645755","ESTRATEGIA DE SAUDE DA FAMILIA RURAL II","0002284405","eAP","467"
"MS","500660","PONTA PORÃ","2361000","UNIDADE BASICA DE SAUDE DA FAMILIA SANGA PUITA JOSE BATAGLIN","0002518546","eAP","0"
"MS","500660","PONTA PORÃ","9815783","UNIDADE CONSULTORIO DE RUA DE PONTA PORA","0000444006","eCR","172"
"MS","500325","COSTA RICA","2559048","UNIDADE DE SAUDE DA FAMILIA SONHO MEU III","0001538497","eAPP","29"
"MS","500568","MUNDO NOVO","3463567","UNIDADE DE SAUDE DA FAMILIA III USF III","0001549073","eAPP","67"
"MS","500600","NOVA ALVORADA DO SUL","3996743","UNIDADE BASICA DE SAUDE DA FAMILIA LAURITA DIAS DE SOUZA","0002187809","eAPP","19"
"MS","500240","CAARAPÓ","2536501","ESTRATEGIA DE SAUDE DA FAMILIA BENEDITO CARDOSO","0001565524","eAPP","257"
"MS","500430","IGUATEMI","2603306","UNIDADE DE SAUDE DA FAMILIA VILA NOVA ESPERANCA","0001547623","eAPP","350"
"MS","500830","TRÊS LAGOAS","6092195","ESTABELECIMENTO PENAL FEMININO DE TRES LAGOAS","0002241188","eAPP","268"
"MS","500560","MIRANDA","2710641","UNIDADE DE SAUDE DA FAMILIA BEIRA RIO","0002272393","eAPP","25"
"MS","500660","PONTA PORÃ","6032834","UNIDADE PRISIONAL FEMININA DE PONTA PORA","0000444073","eAPP","274"
"MS","500380","FÁTIMA DO SUL","2599384","ESTRATEGIA SAUDE DA FAMILIA JARDIM TATIANE","0001699172","eAPP","5"
"MS","500020","ÁGUA CLARA","2558793","UBSF ELTON ALVES DE OLIVEIRA","0001684698","eAPP","68"
"MS","500110","AQUIDAUANA","6471307","ESTABELECIMENTO PENAL DE AQUIDAUANA","0000438316","eAPP","588"
"MS","500370","DOURADOS","9261982","UBS PRISIONAL PED","0001629484","eAPP","2635"
"MS","500830","TRÊS LAGOAS","6092195","ESTABELECIMENTO PENAL FEMININO DE TRES LAGOAS","0002246813","eAPP","6"
"MS","500270","CAMPO GRANDE","0024465","SESAU USF DONA NETA GUANANDI ENG ARTHUR HOKAMA","0002488337","eCR","41"
"MS","500560","MIRANDA","2376024","UNIDADE BASICA DE SAUDE DE MIRANDA","0002384787","eAP-20h","982"
"MS","500370","DOURADOS","3977927","UBS PARQUE DO LAGO II DR NELSON RODOLFO KOZOROSKI","0001713728","eSF","3409"
"MS","500270","CAMPO GRANDE","0010189","SESAU USF LAR DO TRABALHADOR DR NICOLAU FRAGELLI","0002343347","eAP-20h","1947"
"MS","500620","NOVA ANDRADINA","2612054","ESF NOVA CASA VERDE","0002212714","eAP-30h","2836"
"MS","500627","PARAÍSO DAS ÁGUAS","7192614","POSTO DE SAUDE ROBERTO ARAUJO DOS SANTOS","0002270285","eAP-30h","1046"
"MS","500230","BRASILÂNDIA","2599481","UNIDADE SAUDE DA FAMILIA I DONIVAL WLYSSES ASSIS","0000438715","eSF","3547"
"MS","500270","CAMPO GRANDE","3051927","SESAU USF ZE PEREIRA DR JURANDYR DE CASTRO COIMBRA","0000440167","eSF","2810"
"MS","500270","CAMPO GRANDE","7108001","SESAU USF JARDIM BOTAFOGO DR ELIZABETH WANDERLE TOBARU","0000440736","eSF","3606"
"MS","500460","ITAQUIRAÍ","2558653","UNIDADE DE SAUDE DA FAMILIA SUL BONITO","0000442607","eSF","1183"
"MS","500190","BATAGUASSU","2371030","UNIDADE DE SAUDE XV DE NOVEMBRO","0000438391","eSF","3011"
"MS","500270","CAMPO GRANDE","2874474","SESAU USF SANTA EMILIA JEFERSON RODRIGUES DE SOUZA","0002252171","eSF","3950"
"MS","500790","SIDROLÂNDIA","2591421","SAUDE LAR CAPAO BONITO I","0000444731","eSF","1451"
"MS","500270","CAMPO GRANDE","0010200","SESAU USF JARDIM BONANCA DR HIROSE ADANIA","0000439177","eSF","3479"
"MS","500295","CHAPADÃO DO SUL","6955002","UNIDADE ESTRATEGIA DA SAUDE DA FAMILIA SIBIPIRUNA","0000440973","eSF","6214"
"MS","500315","CORONEL SAPUCAIA","2603454","UNIDADE DE SAUDE DA FAMILIA BENEDITO LAZARO FERNANDES","0000441023","eSF","3600"
"MS","500320","CORUMBÁ","7573170","UNIDADE BASICA DE SAUDE DR ENIO CUNHA II","0001547909","eSF","3617"
"MS","500370","DOURADOS","2710986","UBS PANAMBI E SAO PEDRO","0000441805","eSF","1992"
"MS","500370","DOURADOS","7489102","UBS GUAICURUS ERISVALDO MENDONCA DOS SANTOS","0001624822","eSF","3494"
"MS","500270","CAMPO GRANDE","3285294","SESAU USF JARDIM LOS ANGELES SEBASTIAO LUIZ NOGUEIRA","0000440280","eSF","4234"
"MS","500270","CAMPO GRANDE","6585612","SESAU USF VIDA NOVA III AQUINO DIAS BEZERRA","0000440531","eSF","3701"
"MS","500270","CAMPO GRANDE","0010162","SESAU USF BURITI DR IVAN HIDELBRAND DA COSTA","0000439053","eSF","3511"
"MS","500210","BELA VISTA","6507050","ESF DR THYRSON LOUREIRO DE ALMEIDA","0000438626","eSF","2922"
"MS","500400","GLÓRIA DE DOURADOS","9035699","ESF NOVA GLORIA","0000442321","eSF","2450"
"MS","500460","ITAQUIRAÍ","2597187","UNIDADE DE SAUDE DA FAMILIA PRIMAVERA","0000442615","eSF","4616"
"MS","500520","LADÁRIO","3147320","UNIDADE BASICA DE SAUDE DR JOAO FERNANDES","0000442984","eSF","3777"
"MS","500520","LADÁRIO","2710749","UNIDADE BASICA DE SAUDE DR ROMEU ALBANEZE","0000442976","eSF","2405"
"MS","500580","NIOAQUE","7099665","UNIDADE DE SAUDE DA FAMILIA NIOAQUE URBANO 2 ANTONIO CORONEL","0000443441","eSF","4804"
"MS","500600","NOVA ALVORADA DO SUL","6689299","UNIDADE BASICA DE SAUDE DA FAMILIA FRANCISCO XAVIER DA COSTA","0000443522","eSF","916"
"MS","500240","CAARAPÓ","2376083","ESTRATEGIA DE SAUDE DA FAMILIA CIRILA MARECO","0000438774","eSF","4999"
"MS","500270","CAMPO GRANDE","9439919","SESAU USF VILA COX","0001667874","eSF","2695"
"MS","500270","CAMPO GRANDE","3598209","SESAU USF AERO ITALIA HERBERTO CALADO REBELO","0000440361","eSF","2717"
"MS","500270","CAMPO GRANDE","5506158","SESAU CF DR MAURO R BARROS WANDERLEY IRACY COELHO NETTO","0000440434","eSF","3825"
"MS","500270","CAMPO GRANDE","6585612","SESAU USF VIDA NOVA III AQUINO DIAS BEZERRA","0000440566","eSF","4276"
"MS","500270","CAMPO GRANDE","7108044","SESAU USF VILA CARVALHO","0000440744","eSF","5401"
"MS","500710","RIBAS DO RIO PARDO","4544188","ESTRATEGIA DE SAUDE DA FAMILIA NOVA ESPERANCA","0002439298","eSF","1876"
"MS","500830","TRÊS LAGOAS","2757125","UNIDADE DE SAUDE DA FAMILIA SANTO ANDRE","0000445134","eSF","4092"
"MS","500793","SONORA","2591545","UNIDADE DE SAUDE DA FAMILIA BOA VISTA","0000444871","eSF","3042"
"MS","500830","TRÊS LAGOAS","2757133","UNIDADE DE SAUDE DA FAMILIA VILA ALEGRE","0000445150","eSF","5305"
"MS","500270","CAMPO GRANDE","2752530","SESAU CF DRA MARCIA DE SA EARP NOVA LIMA","0000440027","eSF","2785"
"MS","500270","CAMPO GRANDE","0010251","SESAU USF CAICARA DR ALBERTO NEDER","0000439266","eSF","3393"
"MS","500830","TRÊS LAGOAS","2757141","UNIDADE DE SAUDE DA FAMILIA VILA HARO","0001691406","eSF","2817"
"MS","500830","TRÊS LAGOAS","2757109","UNIDADE DE SAUDE DA FAMILIA PARANAPUNGA","0000445088","eSF","3050"
"MS","500290","CASSILÂNDIA","2536277","UNIDADE BASICA DE SAUDE MARISTELA BERETTA","0000440892","eSF","4281"
"MS","500320","CORUMBÁ","2558726","UNIDADE BASICA DE SAUDE POPULAR VELHA","0000441171","eSF","3814"
"MS","500270","CAMPO GRANDE","9443525","SESAU USF OLIVEIRA II BENEDITO MARTINS GONCALVES","0001474561","eSF","3854"
"MS","500345","DEODÁPOLIS","6806570","ESTRATEGIA DE SAUDE DA FAMILIA SANTA MARIA","0000441554","eSF","2381"
"MS","500370","DOURADOS","2711141","UBS VILA HILDA DR ARCHIDUQUE FERNANDES","0000442011","eSF","3660"
"MS","500460","ITAQUIRAÍ","2676842","UNIDADE DE SAUDE DA FAMILIA JOAO BATISTA GALLINA","0000442623","eSF","997"
"MS","500060","AMAMBAI","3280136","UNIDADE DE SAUDE DA FAMILIA VILA GUAPECRISTINA","0000437735","eSF","3618"
"MS","500370","DOURADOS","3977927","UBS PARQUE DO LAGO II DR NELSON RODOLFO KOZOROSKI","0000442097","eSF","4748"
"MS","500380","FÁTIMA DO SUL","2599384","ESTRATEGIA SAUDE DA FAMILIA JARDIM TATIANE","0000442291","eSF","3834"
"MS","500090","ANTÔNIO JOÃO","3553280","ESF TEOFILO TEIXEIRA DA ROSA","0000438049","eSF","2684"
"MS","500110","AQUIDAUANA","2360209","UNIDADE DE SAUDE DA FAMILIA ELCIRIA RITA BRANDES GARCIA","0000438154","eSF","2564"
"MS","500110","AQUIDAUANA","2659662","UNIDADE DE SAUDE DA FAMILIA SANTA TEREZINHA","0000438197","eSF","3510"
"MS","500110","AQUIDAUANA","3240053","ESTRATEGIA DE SAUDE DA FAMILIA VILA TRINDADE","0000438235","eSF","2609"
"MS","500110","AQUIDAUANA","6315356","ESTRATEGIA DE SAUDE DA FAMILIA SAO PEDRO","0000438308","eSF","2675"
"MS","500260","CAMAPUÃ","6375014","UNIDADE DE SAUDE DA FAMILIA III CENTRAL","0000438928","eSF","3086"
"MS","500270","CAMPO GRANDE","0024341","SESAU USF JARDIM ITAMARACA EDSON QUINTINO MENDES","0001482378","eSF","2655"
"MS","500270","CAMPO GRANDE","7568835","SESAU USF VILA FERNANDA MARIA IVONE DE O NASCIMENTO ARAKAKI","0001550799","eSF","3354"
"MS","500450","ITAPORÃ","2360993","ESF PIONEIRA ARLEI DO NASCIMENTO TEIXEIRA","0000442526","eSF","3996"
"MS","500500","JARDIM","2376423","ESF RURAL DO BOQUEIRAO","0000442836","eSF","1178"
"MS","500500","JARDIM","2558696","PROGRAMA SAUDE FAMILIA DRA MARIA DE LOURDES DOS REIS","0000442852","eSF","4400"
"MS","500270","CAMPO GRANDE","9983449","SESAU USF CRISTO REDENTOR DR CARLOS A JURGIELEWCZ","0001697544","eSF","3115"
"MS","500270","CAMPO GRANDE","3198278","SESAU USF PAULO COELHO MACHADO","0000440221","eSF","4573"
"MS","500270","CAMPO GRANDE","3361837","SESAU USF SAO BENEDITO","0000440353","eSF","3439"
"MS","500270","CAMPO GRANDE","0024473","SESAU USF CORONEL ANTONINO DR ARTHUR VASCONCELOS DIAS","0000439843","eSF","3818"
"MS","500270","CAMPO GRANDE","7568835","SESAU USF VILA FERNANDA MARIA IVONE DE O NASCIMENTO ARAKAKI","0000439916","eSF","4211"
"MS","500370","DOURADOS","6822924","UBS VILA INDIO ENF JACI SILVA MARTINS","0000442216","eSF","4688"
"MS","500370","DOURADOS","9837663","UBS ILDEFONSO PEDROSO DR LUIZ CARLOS SIEBERT","0001686232","eSF","1805"
"MS","500380","FÁTIMA DO SUL","9236716","ESTRATEGIA SAUDE DA FAMILIA JARDIM DOS IPES","0001624202","eSF","3364"
"MS","500460","ITAQUIRAÍ","2558637","UNIDADE DE SAUDE DA FAMILIA SANTA ROSA","0000442585","eSF","1655"
"MS","500470","IVINHEMA","2371200","ESF ITAPOA","0000442704","eSF","3133"
"MS","500480","JAPORÃ","6784658","EQUIPE SAUDE DA FAMILIA TAGROS","0000442771","eSF","909"
"MS","500515","JUTI","2710684","UNIDADE DE SAUDE DE FAMILIA DE JUTI","0000442925","eSF","4585"
"MS","500570","NAVIRAÍ","7001878","ESF VILA NOVA","0000443360","eSF","4722"
"MS","500730","RIO NEGRO","3934306","UNIDADE DE SAUDE DA FAMILIA ZONA RURAL","0000444324","eSF","1956"
"MS","500560","MIRANDA","9177272","ESF ARILDO BOSSAY","0001621742","eSF","3120"
"MS","500630","PARANAÍBA","3050319","UNIDADE SAUDE DA FAMILIA SANTO ANTONIO","0000443778","eSF","2356"
"MS","500070","ANASTÁCIO","6621058","ESTRATEGIA DE SAUDE DA FAMILIA MARIA FRANCISCA DE LIMA","0000437883","eSF","1440"
"MS","500270","CAMPO GRANDE","0024465","SESAU USF DONA NETA GUANANDI ENG ARTHUR HOKAMA","0000439800","eSF","4632"
"MS","500270","CAMPO GRANDE","0028827","SESAU CF MARIA DE LOURDES DOS SANTOS PORTAL CAIOBA","0000439924","eSF","4538"
"MS","500270","CAMPO GRANDE","0010146","SESAU USF MATA DO JACINTO DR ADEMAR GUEDES DE SOUZA","0000439002","eSF","5368"
"MS","500710","RIBAS DO RIO PARDO","3887561","ESTRATEGIA DE SAUDE DA FAMILIA ENF GABRIELA CAMPOS","0000444170","eSF","4860"
"MS","500830","TRÊS LAGOAS","2757095","UNIDADE DE SAUDE DA FAMILIA MIGUEL NUNES","0001637231","eSF","4166"
"MS","500660","PONTA PORÃ","2361000","UNIDADE BASICA DE SAUDE DA FAMILIA SANGA PUITA JOSE BATAGLIN","0002518538","eAP","0"
"MS","500310","CORGUINHO","2370824","ESF POSTO DE SAUDE TABOCO","0002448750","-","549"
"MS","500769","SÃO GABRIEL DO OESTE","2599376","UNIDADE DE SAUDE DA FAMILIA VI","0001543091","eAPP","131"
"MS","500100","APARECIDA DO TABOADO","3569578","ESF VILA PEREIRA","0002253100","eAPP","3"
"MS","500345","DEODÁPOLIS","6806570","ESTRATEGIA DE SAUDE DA FAMILIA SANTA MARIA","0001696114","eAPP","43"
"MS","500800","TERENOS","5337135","ESF VILA JAMIL","0001711318","eAPP","15"
"MS","500720","RIO BRILHANTE","6238300","PENITENCIARIA MASCULINA DE RIO BRILHANTE","0001547402","eAPP","561"
"MS","500270","CAMPO GRANDE","0937746","DSP PENITENCIARIA ESTADUAL MASC REGIME FECHADO GAMELEIRA II","0002235919","eAPP","911"
"MS","500270","CAMPO GRANDE","5456185","SESAU CENTRO DE ATENCAO PSICOSSOCIAL III AFRODITE D CONTIS","0001687107","eAPP","15"
"MS","500830","TRÊS LAGOAS","0946885","COLONIA PENAL PARACELSO DE LIMA VIEIRA JESUS","0002241250","eAPP","257"
"MS","500270","CAMPO GRANDE","9518231","DSP ESTAB PENAL DE SEGURANCA MAXIMA JAIR FERREIRA DE CARVALH","0002222205","eAPP","499"
"MS","500370","DOURADOS","2710870","UBS SANTO ANDRE MARLUCIA ARAUJO LUPINETTI","0002272342","eAP-30h","3353"
"MS","500295","CHAPADÃO DO SUL","4901606","UNIDADE DA ESTRATEGIA DA SAUDE DA FAMILIA PALMEIRAS","0002492970","eSF","415"
"MS","500830","TRÊS LAGOAS","2757133","UNIDADE DE SAUDE DA FAMILIA VILA ALEGRE","0002172224","eAP-20h","580"
"MS","500570","NAVIRAÍ","2892871","EAP JUNCAL","0002255235","eAP-20h","408"
"MS","500570","NAVIRAÍ","2374250","CENTRO DE SAUDE DR ANTONITO PIRES DE SOUZA","0002246570","eAP-30h","4890"
"MS","500710","RIBAS DO RIO PARDO","2536927","UNIDADE BASICA DE SAUDE","0002280299","eAP-30h","3941"
"MS","500270","CAMPO GRANDE","9898271","SESAU USF DOM ANTONIO BARBOSA DR EVANDRO M DE ARRUDA","0001686798","eSF","2748"
"MS","500110","AQUIDAUANA","5601010","UNIDADE DE SAUDE DA FAMILIA BAIRRO ALTO","0000438286","eSF","2688"
"MS","500190","BATAGUASSU","5777321","ESF RITA GUARDINI PACHECO","0000438464","eSF","5653"
"MS","500345","DEODÁPOLIS","2558572","ESTRATEGIA DE SAUDE DA FAMILIA LAGOA BONITA","0000441538","eSF","2319"
"MS","500790","SIDROLÂNDIA","2370875","UNIDADE DE SAUDE DA FAMILIA DA VILA SAO BENTO","0000444693","eSF","5021"
"MS","500797","TAQUARUSSU","2558599","UNIDADE DE SAUDE DA FAMILIA TAQUARUSSU","0000444936","eSF","2501"
"MS","500830","TRÊS LAGOAS","9390693","UNIDADE DE SAUDE DA FAMILIA JARDIM ATENAS BISPO DOM MOREIRA","0001639587","eSF","5125"
"MS","500270","CAMPO GRANDE","0010278","SESAU USF MARIA APARECIDA PEDROSSIAN","0000439312","eSF","2907"
"MS","500350","DOURADINA","2536706","UNIDADE BASICA DE SAUDE PSF II FIRMO INACIO DA SILVA","0000441635","eSF","3206"
"MS","500370","DOURADOS","2711125","UBS PARQUE DAS NACOES II DR LUIZ ANTONIO ALVES","0000441961","eSF","3173"
"MS","500270","CAMPO GRANDE","0024430","SESAU USF UNIVERSITARIO DR GERMANO BARROS DE SOUZA","0000439703","eSF","5583"
"MS","500060","AMAMBAI","2558440","UNIDADE DE SAUDE DA FAMILIA VILA LIMEIRA","0000437689","eSF","3710"
"MS","500070","ANASTÁCIO","2919842","ESTRATEGIA DE SAUDE DA FAMILIA RODRIGO QUEIROZ DAS CHAGAS","0002263009","eSF","2587"
"MS","500200","BATAYPORÃ","6526594","ESTRATEGIA DE SAUDE DA FAMILIA SEBASTIAO MARTINS DE OLIVEIRA","0000438537","eSF","2193"
"MS","500410","GUIA LOPES DA LAGUNA","6510450","UNIDADE DE SAUDE DA FAMILIA REINALDO DE ARRUDA","0000442399","eSF","3394"
"MS","500470","IVINHEMA","2371146","ESF DR GERALDO MAGNO RESENDE","0000442666","eSF","2815"
"MS","500580","NIOAQUE","2676877","UNIDADE DE SAUDE DA FAMILIA DE NIOAQUE URBANO 1 JONAS PEDRO","0000443425","eSF","2620"
"MS","500690","PORTO MURTINHO","0093165","UNIDADE BASICA DE SAUDE JAMIL ELEONOR GARCIA","0001712411","eSF","2413"
"MS","500740","RIO VERDE DE MATO GROSSO","2537001","UNIDADE SAUDE DA FAMILIA CAMPO ALEGRE","0000444383","eSF","2706"
"MS","500220","BONITO","7687524","UNIDADE DE SAUDE DA FAMILIA JARDIM BOM VIVER","0001535374","eSF","3796"
"MS","500240","CAARAPÓ","2536501","ESTRATEGIA DE SAUDE DA FAMILIA BENEDITO CARDOSO","0000438804","eSF","4330"
"MS","500270","CAMPO GRANDE","3080021","SESAU USF JARDIM TARUMA DR EMILIO GARBELOTI NETO","0000440191","eSF","2793"
"MS","500270","CAMPO GRANDE","0010316","SESAU USF CIDADE MORENA DR VICENTE FRAGELLI","0000439401","eSF","3271"
"MS","500270","CAMPO GRANDE","0010324","SESAU USF ESTRELA DO SUL DR WILLIAN MACKSOUD","0000439428","eSF","3746"
"MS","500270","CAMPO GRANDE","0010308","SESAU USF JOCKEY CLUB DR JORGE DAVID NASSER","0000439762","eSF","5116"
"MS","500630","PARANAÍBA","2536404","UNIDADE SAUDE DA FAMILIA NOSSA SENHORA DE LOURDES","0000443697","eSF","3550"
"MS","500740","RIO VERDE DE MATO GROSSO","2599961","UNIDADE DE SAUDE DA FAMILIA PARAISO CACERENCE","0000444391","eSF","2085"
"MS","500830","TRÊS LAGOAS","2757117","UNIDADE DE SAUDE DA FAMILIA SANTA RITA","0000445118","eSF","3486"
"MS","500830","TRÊS LAGOAS","2757168","UNIDADE DE SAUDE DA FAMILIA VILA PILOTO ADRIANA CRISTINA","0000445193","eSF","2557"
"MS","500830","TRÊS LAGOAS","6343864","UNIDADE DE SAUDE DA FAMILIA JARDIM MARISTELA","0000445231","eSF","3799"
"MS","500790","SIDROLÂNDIA","5767776","ESF OSCALINA NANTES","0001687670","eSF","1968"
"MS","500060","AMAMBAI","2559463","UNIDADE DE SAUDE DA FAMILIA VILAS INTEGRADAS","0000437719","eSF","3965"
"MS","500085","ANGÉLICA","2376628","ESF VILA ESPERANCA","0000437999","eSF","2567"
"MS","500100","APARECIDA DO TABOADO","3569578","ESF VILA PEREIRA","0000438081","eSF","5347"
"MS","500210","BELA VISTA","2376407","ESF DR CARLOS SOLANO NUNES PRIMAVERAS","0000438553","eSF","4148"
"MS","500270","CAMPO GRANDE","0028789","SESAU USF MORENINHA III DR JUDSON TADEU RIBAS","0000439894","eSF","2952"
"MS","500270","CAMPO GRANDE","0028851","SESAU USF COOPHAVILA II ALFREDO NEDER","0000440019","eSF","2668"
"MS","500310","CORGUINHO","2371758","ESTRATEGIA DA SAUDE DA FAMILIA DE CORGUINHO","0000441007","eSF","2875"
"MS","500320","CORUMBÁ","2559498","UNIDADE BASICA DE SAUDE GASTAO DE OLIVEIRA","0000441198","eSF","3601"
"MS","500320","CORUMBÁ","6585426","UNIDADE BASICA DE SAUDE LUIS FRAGELLI","0000441309","eSF","3498"
"MS","500295","CHAPADÃO DO SUL","6861512","UNIDADE ESTRATEGIA DA SAUDE DA FAMILIA FLAMBOYANT","0000440965","eSF","5755"
"MS","500320","CORUMBÁ","2676796","UNIDADE BASICA DE SAUDE SAO BARTOLOMEU","0000441260","eSF","3291"
"MS","500210","BELA VISTA","2710676","ESF DR AMAURI NANTES MUNIS JOAO DE BARRO","0000438596","eSF","3924"
"MS","500270","CAMPO GRANDE","2752530","SESAU CF DRA MARCIA DE SA EARP NOVA LIMA","0001644505","eSF","3187"
"MS","500410","GUIA LOPES DA LAGUNA","2558882","UNIDADE DE SAUDE DA FAMILIA OVIDIO PAULO DE OLIVEIRA","0000442380","eSF","3845"
"MS","500440","INOCÊNCIA","7195389","UESF BOCAINA","0000442518","eSF","1838"
"MS","500450","ITAPORÃ","2361434","ESF CARUMBE E SANTA TEREZINHA FLORIANO O QUARESMA","0001491601","eSF","1022"
"MS","500020","ÁGUA CLARA","9318348","UBSF SEBASTIANA DE BRITO PASCOAL","0000437646","eSF","5182"
"MS","500345","DEODÁPOLIS","0843059","ESTRATEGIA DE SAUDE DA FAMILIA JARDIM ALVORADA","0002201151","eSF","2014"
"MS","500370","DOURADOS","2711117","UBS MARACANA MOTOHIDE HIRAISHI","0000441937","eSF","4902"
"MS","500370","DOURADOS","3239837","UBS JOQUEI CLUBE ANTONIO DA COSTA CARVALHO","0000442054","eSF","4327"
"MS","500370","DOURADOS","6943551","UBS CAMPO DOURADO ACS MARTA SIQUEIRA RODRIGUES","0000442224","eSF","4646"
"MS","500375","ELDORADO","2599945","PROGRAMA DE SAUDE DA FAMILIA BAIRRO IPE","0000442232","eSF","3822"
"MS","500430","IGUATEMI","2603306","UNIDADE DE SAUDE DA FAMILIA VILA NOVA ESPERANCA","0000442429","eSF","4508"
"MS","500090","ANTÔNIO JOÃO","2710625","ESF SALVANI SIMPLICIO FREITAS","0000438030","eSF","3145"
"MS","500124","ARAL MOREIRA","7139470","UNIDADE BASICA DE SAUDE VALDIR PAULO SOLIGO","0000438359","eSF","2537"
"MS","500190","BATAGUASSU","2371049","UNIDADE DE SAUDE JARDIM ACAPULCO","0000438405","eSF","4713"
"MS","500210","BELA VISTA","6645755","ESTRATEGIA DE SAUDE DA FAMILIA RURAL II","0000438634","eSF","1957"
"MS","500270","CAMPO GRANDE","3598209","SESAU USF AERO ITALIA HERBERTO CALADO REBELO","0001717391","eSF","2398"
"MS","500480","JAPORÃ","7511833","ESF JAPORA","0001534114","eSF","2171"
"MS","500560","MIRANDA","9424849","ESF NS APARECIDA","0001655787","eSF","3266"
"MS","500570","NAVIRAÍ","5657512","ESF SAO PEDRO","0000443328","eSF","2571"
"MS","500600","NOVA ALVORADA DO SUL","9424733","U B S DONIZETE MESSIAS DOS SANTOS","0002186098","eSF","2983"
"MS","500270","CAMPO GRANDE","9983406","SESAU USF ARNALDO ESTEVAO DE FIGUEIREDO DR EDGAR PEDRO R S","0001698168","eSF","3632"
"MS","500270","CAMPO GRANDE","0010367","SESAU USF PIONEIRA DR CELSO LACERDA DE AZEVEDO","0000439517","eSF","4202"
"MS","500370","DOURADOS","2711095","UBS OURO VERDE TAKEO TAKIMOTO","0000441880","eSF","3730"
"MS","500370","DOURADOS","2711117","UBS MARACANA MOTOHIDE HIRAISHI","0000441953","eSF","4348"
"MS","500720","RIO BRILHANTE","2804530","ESTRATEGIA SAUDE DA FAMILIA ANTONIO APARECIDO BITENCOURT","0000444235","eSF","3490"
"MS","500720","RIO BRILHANTE","2804514","ESTRATEGIA SAUDE DA FAMILIA JAIME MEDEIROS","0000444219","eSF","3855"
"MS","500769","SÃO GABRIEL DO OESTE","2591359","UNIDADE DE SAUDE DA FAMILIA V","0000444510","eSF","3699"
"MS","500790","SIDROLÂNDIA","2370883","CENTRO DE SAUDE DE SIDROLANDIA","0002323494","eSF","3142"
"MS","500520","LADÁRIO","7560680","UNIDADE BASICA DE SAUDE CENTRO","0001546295","eSF","2129"
"MS","500525","LAGUNA CARAPÃ","2482533","UNIDADE DE SAUDE DA FAMILIA BOCAJA","0000443042","eSF","1246"
"MS","500540","MARACAJU","5351359","UBS ESF AMBROZIO OLEGARIO DE LIMA","0000443131","eSF","4457"
"MS","500568","MUNDO NOVO","7417705","ESF RURAL PEDRO RAMALHO USF R","0001521314","eSF","1496"
"MS","500620","NOVA ANDRADINA","3881032","ESF CENTRO","0001711725","eSF","3404"
"MS","500660","PONTA PORÃ","5683238","UNIDADE BASICA DE SAUDE DA FAMILIA ROSANGELA PEREIRA SILVA","0000443964","eSF","1995"
"MS","500270","CAMPO GRANDE","0028789","SESAU USF MORENINHA III DR JUDSON TADEU RIBAS","0001705792","eSF","3409"
"MS","500270","CAMPO GRANDE","3051374","SESAU USF JARDIM AZALEIA DRA ALDA GUEDES GARCIA OLIVEIRA","0000440159","eSF","2859"
"MS","500270","CAMPO GRANDE","5672341","SESAU USF ESTRELA DALVA DR JOAO MIGUEL BASMAGE","0000440485","eSF","4216"
"MS","500270","CAMPO GRANDE","6585612","SESAU USF VIDA NOVA III AQUINO DIAS BEZERRA","0000440558","eSF","3997"
"MS","500270","CAMPO GRANDE","0010340","SESAU USF ALVES PEREIRA DR WALFRIDO AZAMBUJA","0000439487","eSF","3691"
"MS","500770","SETE QUEDAS","6356613","ESF VILA DA PAZ","0000444626","eSF","3618"
"MS","500830","TRÊS LAGOAS","2757052","UNIDADE DE SAUDE DA FAMILIA EURIDICE CHAGAS CRUZ","0001629581","eSF","4860"
"MS","500320","CORUMBÁ","2676818","CENTRO DE SAUDE DR MOYSES DOS REIS AMARAL","0002346117","-","185"
"MS","500830","TRÊS LAGOAS","9615946","UNIDADE DE SAUDE DA FAMILIA NOVO OESTE PASTOR MARCOS ROGERIO","0002453002","-","725"
"MS","500470","IVINHEMA","2371154","EAP OVICTO FERRARI","0002486326","-","249"
"MS","500270","CAMPO GRANDE","7108044","SESAU USF VILA CARVALHO","0001478761","eCR","657"
"MS","500470","IVINHEMA","2676567","ESF ALBINO JOSE MANICA","0001543490","eAPP","221"
"MS","500620","NOVA ANDRADINA","6669239","ESF VILA BEATRIZ","0001548557","eAPP","418"
"MS","500070","ANASTÁCIO","2591499","ESTRATEGIA DE SAUDE DA FAMILIA ANASTACIO","0001543024","eAPP","30"
"MS","500793","SONORA","3236455","UNIDADE DE SAUDE DA FAMILIA BOM FUTURO","0001708740","eAPP","17"
"MS","500500","JARDIM","6276423","ESTABELECIMENTO PENAL MAXIMO ROMERO","0000442887","eAPP","815"
"MS","500270","CAMPO GRANDE","0540978","DSP CENTRO PENAL AGROINDUSTRIAL GAMELEIRA SEMI ABERTO","0002177072","eAPP","1371"
"MS","500830","TRÊS LAGOAS","6158323","ESTABELECIMENTO PENAL MASCULINO DE TRES LAGOAS","0000445223","eAPP","1033"
"MS","500100","APARECIDA DO TABOADO","4155823","ESF RURAL E RANCHOS","0002315637","eSF","2256"
"MS","500720","RIO BRILHANTE","2804492","CENTRO DE SAUDE RIO BRILHANTE","0002326930","eAP-30h","1815"
"MS","500025","ALCINÓPOLIS","2659611","UNIDADE BASICA DE SAUDE DE ALCINOPOLIS","0002124629","eAP-30h","1560"
"MS","500270","CAMPO GRANDE","7108052","SESAU USF JARDIM ANTARTICA DR NELSON ASSEF BUAINAIN","0000440809","eSF","4179"
"MS","500110","AQUIDAUANA","2659670","UNIDADE DE SAUDE DA FAMILIA CIDADE NOVA","0000438219","eSF","3319"
"MS","500110","AQUIDAUANA","3240061","ESTRATEGIA DE SAUDE DA FAMILIA GUANANDY","0000438243","eSF","3752"
"MS","500270","CAMPO GRANDE","0028827","SESAU CF MARIA DE LOURDES DOS SANTOS PORTAL CAIOBA","0001674218","eSF","4542"
"MS","500270","CAMPO GRANDE","3499642","SESAU USF JARDIM PRESIDENTE DR NASRI SIUFI","0002282070","eSF","3783"
"MS","500290","CASSILÂNDIA","3415783","UNIDADE BASICA DE SAUDE GERALDO FERNANDES DA SILVA","0000440914","eSF","3247"
"MS","500315","CORONEL SAPUCAIA","6691420","UNIDADE SAUDE DA FAMILIA JELSON FLORES RODRIGUES","0000441058","eSF","5186"
"MS","500320","CORUMBÁ","2603470","UNIDADE BASICA DE SAUDE RURAL TAQUARAL","0000441252","eSF","1674"
"MS","500325","COSTA RICA","2558920","UNIDADE DE SAUDE DA FAMILIA SAO FRANCISCO","0000441341","eSF","4983"
"MS","500330","COXIM","2752573","PSF DR MANUEL GASPAR MANSO PERES","0000441473","eSF","3376"
"MS","500290","CASSILÂNDIA","2375729","UNIDADE BASICA DE SAUDE JOSE MANOEL SIMOES","0000440841","eSF","3712"
"MS","500320","CORUMBÁ","7320108","UNIDADE BASICA DE SAUDE DR PEDRO PAULO DE BARROS II","0001484516","eSF","4352"
"MS","500330","COXIM","3338258","UNIDADE DE SAUDE DA FAMILIA ILDA MARIA KOHL","0000441503","eSF","4072"
"MS","500348","DOIS IRMÃOS DO BURITI","7551827","UNIDADE DE SAUDE DA FAMILIA ARLINDO LINO DUARTE VILA NOVA","0000441600","eSF","2385"
"MS","500370","DOURADOS","2711133","UBS CACHOEIRINHA RAMAO VIEIRA","0000442003","eSF","3469"
"MS","500270","CAMPO GRANDE","0010324","SESAU USF ESTRELA DO SUL DR WILLIAN MACKSOUD","0001482467","eSF","3401"
"MS","500270","CAMPO GRANDE","7096895","SESAU USF JARDIM BATISTAO DR HELIO MARTINS COELHO","0000440647","eSF","3598"
"MS","500270","CAMPO GRANDE","0010413","SESAU USF JARDIM MACAUBAS DR SONI LYDIA SOUZA WOLF","0000439541","eSF","3054"
"MS","500085","ANGÉLICA","2361426","ESF CENTRAL","0000437964","eSF","4147"
"MS","500110","AQUIDAUANA","2659670","UNIDADE DE SAUDE DA FAMILIA CIDADE NOVA","0000438200","eSF","3647"
"MS","500110","AQUIDAUANA","2659689","ESTRATEGIA DE SAUDE DA FAMILIA NOVA AQUIDAUANA","0000438227","eSF","3203"
"MS","500110","AQUIDAUANA","0467499","UNIDADE DE SAUDE DA FAMILIA DRA CELIA VAZ DE CAMPOS TRINDADE","0002150212","eSF","2301"
"MS","500450","ITAPORÃ","2361442","ESF SANTA MARIA ARYOVALDO MARIA BENTO","0000442534","eSF","3387"
"MS","500470","IVINHEMA","7439687","ESF DR JORGE ADALBERTO MAGRI","0001513524","eSF","2631"
"MS","500470","IVINHEMA","9783083","ESF DAS PALMEIRAS","0001682113","eSF","3373"
"MS","500470","IVINHEMA","6220096","ESF PIRAVEVE","0000442720","eSF","3949"
"MS","500500","JARDIM","3531627","PSF III GALTON CARVALHO LEITE","0000442860","eSF","3687"
"MS","500520","LADÁRIO","6721451","UNIDADE BASICA DE SAUDE ERICO VALLE LOAIZA","0001578839","eSF","2003"
"MS","500620","NOVA ANDRADINA","3188957","ESF HORTO FLORESTAL","0000443603","eSF","3339"
"MS","500630","PARANAÍBA","2536404","UNIDADE SAUDE DA FAMILIA NOSSA SENHORA DE LOURDES","0000443689","eSF","2854"
"MS","500710","RIBAS DO RIO PARDO","2536986","ESTRATEGIA DE SAUDE DA FAMILIA SAO SEBASTIAO","0000444162","eSF","3518"
"MS","500740","RIO VERDE DE MATO GROSSO","2536994","UNIDADE SAUDE DA FAMILIA JARDIM DOS ESTADOS","0000444375","eSF","3433"
"MS","500780","SELVÍRIA","2371103","UNIDADE SAUDE DA FAMILIA GUADALUPE","0000444634","eSF","2289"
"MS","500270","CAMPO GRANDE","3051374","SESAU USF JARDIM AZALEIA DRA ALDA GUEDES GARCIA OLIVEIRA","0001644769","eSF","3067"
"MS","500270","CAMPO GRANDE","3080021","SESAU USF JARDIM TARUMA DR EMILIO GARBELOTI NETO","0001482335","eSF","2801"
"MS","500270","CAMPO GRANDE","6731198","SESAU USF JOSE TAVARES DO COUTO DR FERNANDO DE ARRUDA TORRES","0000440574","eSF","3351"
"MS","500270","CAMPO GRANDE","7108052","SESAU USF JARDIM ANTARTICA DR NELSON ASSEF BUAINAIN","0000440779","eSF","3723"
"MS","500690","PORTO MURTINHO","4461010","ESF III DULCEMAR FESTUGATTO","0001486284","eSF","2542"
"MS","500720","RIO BRILHANTE","7613687","ESTRATEGIA SAUDE DA FAMILIA VILA FATIMA","0000444200","eSF","3685"
"MS","500790","SIDROLÂNDIA","5767776","ESF OSCALINA NANTES","0000444812","eSF","3140"
"MS","500124","ARAL MOREIRA","2591391","ESF ELIANA FERREIRA MACHADO","0000438332","eSF","1556"
"MS","500210","BELA VISTA","2710668","ESF DR ELY DE ARAUJO BARBOSA CENTRAL","0000438588","eSF","3980"
"MS","500270","CAMPO GRANDE","0024465","SESAU USF DONA NETA GUANANDI ENG ARTHUR HOKAMA","0000439819","eSF","4654"
"MS","500270","CAMPO GRANDE","0010138","SESAU USF SILVIA REGINA DRA ELEONORA M QUEVEDO","0000438979","eSF","3735"
"MS","500270","CAMPO GRANDE","0010189","SESAU USF LAR DO TRABALHADOR DR NICOLAU FRAGELLI","0000439096","eSF","4437"
"MS","500270","CAMPO GRANDE","0010197","SESAU USF SERRADINHO DR SUMIE IKEDA RODRIGUES","0000439169","eSF","4758"
"MS","500270","CAMPO GRANDE","0010227","SESAU USF 26 DE AGOSTO JAIR GARCIA DE FREITAS","0000439215","eSF","4435"
"MS","500270","CAMPO GRANDE","0010278","SESAU USF MARIA APARECIDA PEDROSSIAN","0000439304","eSF","3908"
"MS","500280","CARACOL","2611937","ESF CANDELARIA NUNES","0000440817","eSF","2710"
"MS","500325","COSTA RICA","2375788","UNIDADE SAUDE FAMILIA VALE DO AMANHECER","0001676539","eSF","3158"
"MS","500270","CAMPO GRANDE","0010200","SESAU USF JARDIM BONANCA DR HIROSE ADANIA","0000439185","eSF","3108"
"MS","500270","CAMPO GRANDE","9439919","SESAU USF VILA COX","0001667866","eSF","2934"
"MS","500270","CAMPO GRANDE","0010332","SESAU USF SAO FRANCISCO","0001644963","eSF","3247"
"MS","500330","COXIM","2482681","PSF RURAL ARGEMIRO DE SOUZA BARBOSA","0000441449","eSF","3203"
"MS","500330","COXIM","2482649","UNIDADE DE SAUDE DA FAMILIA TOTO ARAUJO","0000441414","eSF","4040"
"MS","500370","DOURADOS","2710870","UBS SANTO ANDRE MARLUCIA ARAUJO LUPINETTI","0000441740","eSF","4192"
"MS","500370","DOURADOS","3239837","UBS JOQUEI CLUBE ANTONIO DA COSTA CARVALHO","0000442062","eSF","4158"
"MS","500060","AMAMBAI","2558432","UNIDADE DE SAUDE DA FAMILIA VILA DORIANA","0000437670","eSF","3517"
"MS","500320","CORUMBÁ","7836546","UNIDADE BASICA DE SAUDE RANULFO DE JESUS VASCONCELLOS","0001556916","eSF","4020"
"MS","500348","DOIS IRMÃOS DO BURITI","2591537","UNIDADE DE SAUDE DA FAMILIA ESTELITA CENTURION TORRES","0000441619","eSF","3315"
"MS","500370","DOURADOS","2710854","UBS IV PLANO DR JULVIS ARRUDA MATOS","0000441708","eSF","3604"
"MS","500200","BATAYPORÃ","2376741","ESTRATEGIA DE SAUDE DA FAMILIA SANTO ANTONIO","0000438510","eSF","2584"
"MS","500240","CAARAPÓ","2376210","ESTRATEGIA DE SAUDE DA FAMILIA MARIZA RODRIGUES DOS SANTOS","0000438790","eSF","3601"
"MS","500260","CAMAPUÃ","2536609","UNIDADE DE SAUDE DA FAMILIA I BAIRRO ALTO","0000438855","eSF","2046"
"MS","500270","CAMPO GRANDE","9443525","SESAU USF OLIVEIRA II BENEDITO MARTINS GONCALVES","0001667939","eSF","3325"
"MS","500270","CAMPO GRANDE","0010332","SESAU USF SAO FRANCISCO","0001644971","eSF","2736"
"MS","500270","CAMPO GRANDE","9983449","SESAU USF CRISTO REDENTOR DR CARLOS A JURGIELEWCZ","0001717359","eSF","3989"
"MS","500270","CAMPO GRANDE","3499642","SESAU USF JARDIM PRESIDENTE DR NASRI SIUFI","0002282097","eSF","3203"
"MS","500450","ITAPORÃ","2651483","ESF MONTESE E PIRAPORA JOSE J CORREA ANGELINA T CUNHA","0000442550","eSF","2281"
"MS","500480","JAPORÃ","2374390","UNIDADE DE SAUDE DA FAMILIA DE JACAREI","0000442755","eSF","1654"
"MS","500490","JARAGUARI","2651467","UNIDADE DE SAUDE FAMILIA I","0000442798","eSF","1617"
"MS","500520","LADÁRIO","9241558","UNIDADE BASICA DE SAUDE MARIA FRANCISCA RAMONA DA CRUZ","0000442992","eSF","2793"
"MS","500540","MARACAJU","3833763","UBS DR ROGELIO CASAL CAMINHA ESF SANTA GUILHERMINA","0000443115","eSF","707"
"MS","500570","NAVIRAÍ","7018428","ESF SOL NASCENTE","0000443379","eSF","6225"
"MS","500270","CAMPO GRANDE","3285294","SESAU USF JARDIM LOS ANGELES SEBASTIAO LUIZ NOGUEIRA","0001707914","eSF","3321"
"MS","500270","CAMPO GRANDE","0024457","SESAU USF TIRADENTES DR ANTONIO PEREIRA","0001707922","eSF","3930"
"MS","500270","CAMPO GRANDE","3334406","SESAU USF NOVA ESPERANCA","0000440345","eSF","4140"
"MS","500270","CAMPO GRANDE","5506158","SESAU CF DR MAURO R BARROS WANDERLEY IRACY COELHO NETTO","0000440442","eSF","4904"
"MS","500270","CAMPO GRANDE","0021792","SESAU USF ANHANDUI DR BENTO DE ASSIS MACHADO","0000439606","eSF","2596"
"MS","500270","CAMPO GRANDE","0028851","SESAU USF COOPHAVILA II ALFREDO NEDER","0000439983","eSF","3206"
"MS","500270","CAMPO GRANDE","3005690","SESAU USF JARDIM NOROESTE","0000440078","eSF","4096"
"MS","500370","DOURADOS","2710862","UBS IZIDRO PEDROSO DR MOACIR STEIN ARRUDA","0000441716","eSF","3422"
"MS","500370","DOURADOS","2710889","UBS CSU DR LEON TOLSTOI RODRIGUES DE LIMA","0000441783","eSF","4057"
"MS","500370","DOURADOS","5592607","UBS CABECEIRA ALEGRE LEVY SCHAUSTZ","0001524291","eSF","3345"
"MS","500840","VICENTINA","2558335","UNIDADE SAUDE DA FAMILIA RURAL VILA RICA","0000445266","eSF","1876"
"MS","500600","NOVA ALVORADA DO SUL","3996743","UNIDADE BASICA DE SAUDE DA FAMILIA LAURITA DIAS DE SOUZA","0000443492","eSF","3216"
"MS","500769","SÃO GABRIEL DO OESTE","2370964","UNIDADE DE SAUDE DA FAMILIA III","0000444472","eSF","3397"
"MS","500769","SÃO GABRIEL DO OESTE","7333218","UNIDADE DE SAUDE DA FAMILIA X","0001487442","eSF","4804"
"MS","500790","SIDROLÂNDIA","5121728","PSF DO ASSENT CAPAO BONITO II","0000444782","eSF","1578"
"MS","500630","PARANAÍBA","3050270","UNIDADE SAUDE DA FAMILIA SANTA LUCIA","0000443735","eSF","4066"
"MS","500630","PARANAÍBA","3050270","UNIDADE SAUDE DA FAMILIA SANTA LUCIA","0000443751","eSF","3549"
"MS","500070","ANASTÁCIO","2376032","ESTRATEGIA DE SAUDE DA FAMILIA ALFREDO GARCIA","0000437824","eSF","2562"
"MS","500270","CAMPO GRANDE","3080021","SESAU USF JARDIM TARUMA DR EMILIO GARBELOTI NETO","0000440183","eSF","2846"
"MS","500270","CAMPO GRANDE","3598209","SESAU USF AERO ITALIA HERBERTO CALADO REBELO","0000440418","eSF","3532"
"MS","500270","CAMPO GRANDE","0028835","SESAU USF PARQUE DO SOL DR BENJAMIM ASATO","0000439959","eSF","3189"
"MS","500270","CAMPO GRANDE","3005690","SESAU USF JARDIM NOROESTE","0000440051","eSF","3999"
"MS","500270","CAMPO GRANDE","0010154","SESAU USF CARLOTA DR ASTROGILDO CARMONA","0000439037","eSF","4819"
"MS","500660","PONTA PORÃ","2361019","UNIDADE BASICA DE SAUDE DA FAMILIA AUDELINA DE CAMPOS","0001534106","eSF","1763"
"MS","500790","SIDROLÂNDIA","2370832","UNIDADE SAUDE FAMILIA LAR DA VILA JANDAIA","0000444677","eSF","5415"
"MS","500800","TERENOS","5045789","ESF PATAGONIA","0000444960","eSF","2274"
"MS","500830","TRÊS LAGOAS","9615946","UNIDADE DE SAUDE DA FAMILIA NOVO OESTE PASTOR MARCOS ROGERIO","0001684434","eSF","2586"
"MS","500830","TRÊS LAGOAS","9543333","UNIDADE DE SAUDE DA FAMILIA NOVA TRES LAGOAS","0000445045","eSF","5865"
"MS","500830","TRÊS LAGOAS","3453766","USF CHACARA ELDORADO","0002308118","eSF","2809"
"MS","500320","CORUMBÁ","2376121","UNIDADE BASICA DE SAUDE PADRE ERNESTO SASSIDA","0001516558","eCR","157"
"MS","500630","PARANAÍBA","7601190","EAB PRIMEIRA DELEGACIA DE POLICIA DE PARANAIBA","0001554409","eAPP","14"
"MS","500190","BATAGUASSU","6325637","UNIDADE PRISIONAL MASCULINA DE BATAGUASSU","0000438480","eAPP","507"
"MS","500440","INOCÊNCIA","2536803","UESF SEBASTIAO FRANCISCO RAMOS","0002226847","eAPP","29"
"MS","500710","RIBAS DO RIO PARDO","2536943","ESTRATEGIA DE SAUDE DA FAMILIA MIGUEL PEREIRA DA SILVA","0002278677","eAPP","1"
"MS","500270","CAMPO GRANDE","7773145","DSP ESTABELECIMENTO PENAL FEMININO IRMA IRMA ZORZI EPFIIZ","0001545248","eAPP","807"
"MS","500240","CAARAPÓ","4699181","ESTRATEGIA DE SAUDE DA FAMILIA ALTAIR PINTO RECO","0002464918","eSF","2014"
"MS","500320","CORUMBÁ","2591405","UNIDADE BASICA DE SAUDE DRA LUCIA MARIA PEREIRA DE CARVALHO","0002452758","eSF","1878"
"MS","500460","ITAQUIRAÍ","4886917","UNIDADE DE SAUDE DA FAMILIA DE NOVA ESPERANCA","0002468913","eSF","1080"
"MS","500430","IGUATEMI","4299523","UNIDADE DE ATENCAO PRIMARIA SAO LUIZ","0002384825","eAP-20h","48"
"MS","500830","TRÊS LAGOAS","2757079","UNIDADE DE SAUDE DA FAMILIA JOEL NEVES SILVA","0002172194","eAP-20h","2236"
"MS","500500","JARDIM","2376431","UNIDADE BASICA DE SAUDE NESTOR PEREIRA","0001599941","eSF","3868"
"MS","500270","CAMPO GRANDE","3198278","SESAU USF PAULO COELHO MACHADO","0001672924","eSF","3401"
"MS","500270","CAMPO GRANDE","0028789","SESAU USF MORENINHA III DR JUDSON TADEU RIBAS","0001482459","eSF","3220"
"MS","500315","CORONEL SAPUCAIA","2603454","UNIDADE DE SAUDE DA FAMILIA BENEDITO LAZARO FERNANDES","0002410516","eSF","1600"
"MS","500320","CORUMBÁ","2376512","UNIDADE BASICA DE SAUDE DR ENIO CUNHA","0000441139","eSF","3481"
"MS","500320","CORUMBÁ","2591405","UNIDADE BASICA DE SAUDE DRA LUCIA MARIA PEREIRA DE CARVALHO","0000441236","eSF","4322"
"MS","500345","DEODÁPOLIS","2558548","ESTRATEGIA DE SAUDE DA FAMILIA UNIAO","0002132915","eSF","1510"
"MS","500830","TRÊS LAGOAS","2757109","UNIDADE DE SAUDE DA FAMILIA PARANAPUNGA","0001691708","eSF","3062"
"MS","500295","CHAPADÃO DO SUL","7939590","UNIDADE ESTRATEGIA DA SAUDE DA FAMILIA PLANALTO","0001603167","eSF","2732"
"MS","500320","CORUMBÁ","2376121","UNIDADE BASICA DE SAUDE PADRE ERNESTO SASSIDA","0000441090","eSF","3791"
"MS","500325","COSTA RICA","2558947","UNIDADE DE SAUDE DA FAMILIA VILA NUNES","0000441368","eSF","3849"
"MS","500370","DOURADOS","2710854","UBS IV PLANO DR JULVIS ARRUDA MATOS","0000441694","eSF","2751"
"MS","500370","DOURADOS","2711052","UBS CUIABAZINHO FREI HUGOLINO BECKER","0000441864","eSF","3186"
"MS","500370","DOURADOS","9837663","UBS ILDEFONSO PEDROSO DR LUIZ CARLOS SIEBERT","0001686224","eSF","3480"
"MS","500270","CAMPO GRANDE","3198278","SESAU USF PAULO COELHO MACHADO","0001572628","eSF","3702"
"MS","500270","CAMPO GRANDE","0010197","SESAU USF SERRADINHO DR SUMIE IKEDA RODRIGUES","0001573853","eSF","4747"
"MS","500270","CAMPO GRANDE","9022007","SESAU USF ANA MARIA DO COUTO","0000440388","eSF","2557"
"MS","500270","CAMPO GRANDE","6731198","SESAU USF JOSE TAVARES DO COUTO DR FERNANDO DE ARRUDA TORRES","0000440582","eSF","2854"
"MS","500270","CAMPO GRANDE","0024341","SESAU USF JARDIM ITAMARACA EDSON QUINTINO MENDES","0000439649","eSF","3083"
"MS","500270","CAMPO GRANDE","0024422","SESAU USF SANTA CARMELIA DR ALBINO COIMBRA","0000439665","eSF","4476"
"MS","500270","CAMPO GRANDE","0024422","SESAU USF SANTA CARMELIA DR ALBINO COIMBRA","0000439673","eSF","3712"
"MS","500270","CAMPO GRANDE","0024457","SESAU USF TIRADENTES DR ANTONIO PEREIRA","0000439789","eSF","4971"
"MS","500020","ÁGUA CLARA","2558793","UBSF ELTON ALVES DE OLIVEIRA","0000437638","eSF","5274"
"MS","500025","ALCINÓPOLIS","2659638","UNIDADE PSF DE ALCIONOPOLIS","0000437662","eSF","3228"
"MS","500440","INOCÊNCIA","2536811","UESF ABADIO GARCIA LEAL","0000442496","eSF","2682"
"MS","500460","ITAQUIRAÍ","4649834","UNIDADE DE SAUDE DA FAMILIA SANTO ANTONIO","0002469456","eSF","916"
"MS","500560","MIRANDA","7280149","ESF JERSON GONCALVES DE MATOS","0001478133","eSF","2610"
"MS","500570","NAVIRAÍ","2374269","ESF DR CARLOS VIDOTO","0000443263","eSF","3253"
"MS","500600","NOVA ALVORADA DO SUL","5719429","UNIDADE BASICA DE SAUDE DA FAMILIA JOAQUIM ALVES BERNARDES","0000443506","eSF","2783"
"MS","500710","RIBAS DO RIO PARDO","7487770","ESTRATEGIA DE SAUDE DA FAMILIA DR HABIB FAHED","0001574353","eSF","625"
"MS","500769","SÃO GABRIEL DO OESTE","2370972","UNIDADE DE SAUDE DA FAMILIA MILANE II","0000444480","eSF","3171"
"MS","500270","CAMPO GRANDE","9230246","SESAU USF SIRIO LIBANES DR SYRZIL WILSON MAKSOUD","0001644858","eSF","4150"
"MS","500270","CAMPO GRANDE","0010162","SESAU USF BURITI DR IVAN HIDELBRAND DA COSTA","0001482386","eSF","3200"
"MS","500270","CAMPO GRANDE","5672341","SESAU USF ESTRELA DALVA DR JOAO MIGUEL BASMAGE","0000440477","eSF","3793"
"MS","500720","RIO BRILHANTE","2804506","ESTRATEGIA SAUDE DA FAMILIA FRANCISCO AUGUSTO G DE MELLO","0000444197","eSF","3828"
"MS","500750","ROCHEDO","7441916","UNIDADE DE SAUDE DA FAMILIA RURAL","0000444448","eSF","1273"
"MS","500790","SIDROLÂNDIA","5134609","PSF CLEIDE PIRAN","0000444790","eSF","4673"
"MS","500830","TRÊS LAGOAS","2757060","UNIDADE DE SAUDE DA FAMILIA INTERLAGOS GABRIEL MARQUES FERNA","0001685597","eSF","3712"
"MS","500200","BATAYPORÃ","2376717","ESTRATEGIA DE SAUDE DA FAMILIA SANTA LUZIA","0000438499","eSF","3278"
"MS","500270","CAMPO GRANDE","0010138","SESAU USF SILVIA REGINA DRA ELEONORA M QUEVEDO","0000438960","eSF","3837"
"MS","500270","CAMPO GRANDE","0010235","SESAU USF VILA NASSER DR MILTON KOJO CHINEN","0000439258","eSF","3622"
"MS","500290","CASSILÂNDIA","2591456","ESF PEDRO MOREIRA DE MENEZES","0000440906","eSF","3500"
"MS","500295","CHAPADÃO DO SUL","2375699","UNIDADE DE SAUDE DA FAMILIA DE CHAPADAO DO SUL","0000440949","eSF","3389"
"MS","500320","CORUMBÁ","3043770","UNIDADE BASICA DE SAUDE JOAO FERNANDES","0000441279","eSF","3222"
"MS","500830","TRÊS LAGOAS","2757079","UNIDADE DE SAUDE DA FAMILIA JOEL NEVES SILVA","0001691422","eSF","4618"
"MS","500830","TRÊS LAGOAS","2757109","UNIDADE DE SAUDE DA FAMILIA PARANAPUNGA","0000445096","eSF","2802"
"MS","500840","VICENTINA","2603365","UNIDADE DE SAUDE DA FAMILIA VISTA ALEGRE","0000445274","eSF","4602"
"MS","500290","CASSILÂNDIA","2375737","UNIDADE BASICA DE SAUDE DR ADAIAS MARQUES MOREIRA","0000440868","eSF","3628"
"MS","500320","CORUMBÁ","2559498","UNIDADE BASICA DE SAUDE GASTAO DE OLIVEIRA","0000441201","eSF","2929"
"MS","500270","CAMPO GRANDE","9443525","SESAU USF OLIVEIRA II BENEDITO MARTINS GONCALVES","0001667947","eSF","3241"
"MS","500270","CAMPO GRANDE","0021792","SESAU USF ANHANDUI DR BENTO DE ASSIS MACHADO","0002163845","eSF","2247"
"MS","500270","CAMPO GRANDE","2874474","SESAU USF SANTA EMILIA JEFERSON RODRIGUES DE SOUZA","0002252198","eSF","4176"
"MS","500270","CAMPO GRANDE","7568835","SESAU USF VILA FERNANDA MARIA IVONE DE O NASCIMENTO ARAKAKI","0001644483","eSF","3224"
"MS","500270","CAMPO GRANDE","9443525","SESAU USF OLIVEIRA II BENEDITO MARTINS GONCALVES","0001707892","eSF","3793"
"MS","500370","DOURADOS","2711125","UBS PARQUE DAS NACOES II DR LUIZ ANTONIO ALVES","0000441988","eSF","3112"
"MS","500370","DOURADOS","5592593","UBS ALTOS DO INDAIA DRA HELENA YOSHIE MORIBE","0001623109","eSF","3945"
"MS","500070","ANASTÁCIO","2591480","ESTRATEGIA DE SAUDE DA FAMILIA ARAPONGAS","0000437859","eSF","3764"
"MS","500325","COSTA RICA","2375788","UNIDADE SAUDE FAMILIA VALE DO AMANHECER","0000441406","eSF","3892"
"MS","500330","COXIM","9073124","UBS DO SENHOR DIVINO DR FLAVIO GARCIA","0000441430","eSF","4180"
"MS","500348","DOIS IRMÃOS DO BURITI","2591529","UNIDADE DE SAUDE DA FAMILIA MANOEL ALVES PALMEIRAS","0001639978","eSF","1454"
"MS","500370","DOURADOS","2710862","UBS IZIDRO PEDROSO DR MOACIR STEIN ARRUDA","0000441724","eSF","3697"
"MS","500370","DOURADOS","2710889","UBS CSU DR LEON TOLSTOI RODRIGUES DE LIMA","0000441775","eSF","3477"
"MS","500370","DOURADOS","5592615","UBS NOVO HORIZONTE DR JOAQUIM LOURENCO FILHO","0000442135","eSF","3649"
"MS","500375","ELDORADO","2599953","PROGRAMA DE SAUDE DA FAMILIA RURAL MANOEL GOMES DA SILVA","0000442240","eSF","2482"
"MS","500450","ITAPORÃ","6848028","UNIDADE DE SAUDE DA FAMILIA CENTRAL DE ITAPORA","0000442569","eSF","3044"
"MS","500080","ANAURILÂNDIA","6259111","UNIDADE DE SAUDE DA FAMILIA DR HULDA STABILE CRUZ GONZALES","0000437956","eSF","3240"
"MS","500230","BRASILÂNDIA","2599368","UNIDADE SAUDE DA FAMILIA III JOSE FRANCISCO MARQUES NETO","0000438707","eSF","3130"
"MS","500270","CAMPO GRANDE","9983406","SESAU USF ARNALDO ESTEVAO DE FIGUEIREDO DR EDGAR PEDRO R S","0001717375","eSF","3346"
"MS","500270","CAMPO GRANDE","5506158","SESAU CF DR MAURO R BARROS WANDERLEY IRACY COELHO NETTO","0001482793","eSF","3900"
"MS","500470","IVINHEMA","2371189","ESF VITORIA","0000442690","eSF","3512"
"MS","500520","LADÁRIO","6721451","UNIDADE BASICA DE SAUDE ERICO VALLE LOAIZA","0000443026","eSF","1960"
"MS","500270","CAMPO GRANDE","3051358","SESAU USF MARIO COVAS DR WAGNER JORGE BORTOTTO GARCIA","0000440124","eSF","3211"
"MS","500270","CAMPO GRANDE","7096887","SESAU USF AERO RANCHO IV DR NELSON TOKUEI SIMABUKURO","0000440620","eSF","3053"
"MS","500270","CAMPO GRANDE","0024457","SESAU USF TIRADENTES DR ANTONIO PEREIRA","0000439797","eSF","3403"
"MS","500440","INOCÊNCIA","2536773","UESF VALMIR VIEIRA LIMA","0000442461","eSF","2841"
"MS","500540","MARACAJU","7776071","UBS DR WALFRIDO FERREIRA DE AZAMBUJA ESF OLIDIA ROCHA","0001581945","eSF","5092"
"MS","500560","MIRANDA","2710641","UNIDADE DE SAUDE DA FAMILIA BEIRA RIO","0000443190","eSF","2583"
"MS","500830","TRÊS LAGOAS","2757052","UNIDADE DE SAUDE DA FAMILIA EURIDICE CHAGAS CRUZ","0000445010","eSF","4734"
"MS","500830","TRÊS LAGOAS","2757079","UNIDADE DE SAUDE DA FAMILIA JOEL NEVES SILVA","0002371138","eSF","3100"
"MS","500660","PONTA PORÃ","2599465","UNIDADE BASICA DE SAUDE DA FAMILIA LEONOR COELHO BATISTA","0000443913","eSF","5547"
"MS","500710","RIBAS DO RIO PARDO","2536951","ESTRATEGIA DE SAUDE DA FAMILIA SAO JOAO","0000444154","eSF","3885"
"MS","500740","RIO VERDE DE MATO GROSSO","6770258","UNIDADE SAUDE DA FAMILIA JARDIM SEMIRAMIS","0000444405","eSF","2910"
"MS","500769","SÃO GABRIEL DO OESTE","7002084","UNIDADE DE SAUDE DA FAMILIA IX","0000444588","eSF","4118"
"MS","500790","SIDROLÂNDIA","7717725","UNIDADE DE SAUDE DIVA NANTES","0000444758","eSF","5271"
"MS","500570","NAVIRAÍ","7545789","ESF PARAISO II","0000443395","eSF","2545"
"MS","500570","NAVIRAÍ","2558688","ESF PE ANTONIO KOREMAN","0000443271","eSF","3662"
"MS","500620","NOVA ANDRADINA","2600374","ESF MORADA DO SOL","0002439220","eSF","1668"
"MS","500625","NOVO HORIZONTE DO SUL","2646838","PROGRAMA SAUDE DA FAMILIA SANTA IDALINA","0000443654","eSF","2204"
"MS","500020","ÁGUA CLARA","2535823","UBSF MARIA LUIZA DA SILVA MARINHO","0000437611","eSF","4350"
"MS","500100","APARECIDA DO TABOADO","2558912","ESF VILA BARBOSA","0000438065","eSF","4461"
"MS","500270","CAMPO GRANDE","0010251","SESAU USF CAICARA DR ALBERTO NEDER","0001482734","eSF","2632"
"MS","500270","CAMPO GRANDE","0010219","SESAU USF INDUBRASIL MANOEL SECCO THOME","0001644327","eSF","3197"
"MS","500270","CAMPO GRANDE","7108001","SESAU USF JARDIM BOTAFOGO DR ELIZABETH WANDERLE TOBARU","0001644696","eSF","3163"
"MS","500270","CAMPO GRANDE","0021652","SESAU USF ROCHEDINHO DR ROGER BUAINAIN","0001605178","eSF","1119"
"MS","500270","CAMPO GRANDE","0010316","SESAU USF CIDADE MORENA DR VICENTE FRAGELLI","0001557955","eSF","3957"
"MS","500270","CAMPO GRANDE","3311260","SESAU USF SAO CONRADO PASTOR ELISEU FEITOSA DE ALENCAR","0000440329","eSF","3766"
"MS","500270","CAMPO GRANDE","7096895","SESAU USF JARDIM BATISTAO DR HELIO MARTINS COELHO","0000440655","eSF","3877"
"MS","500270","CAMPO GRANDE","7108052","SESAU USF JARDIM ANTARTICA DR NELSON ASSEF BUAINAIN","0000440752","eSF","4071"
"MS","500270","CAMPO GRANDE","0010367","SESAU USF PIONEIRA DR CELSO LACERDA DE AZEVEDO","0000439509","eSF","4587"
"MS","500769","SÃO GABRIEL DO OESTE","5971055","UNIDADE DE SAUDE DA FAMILIA VIII","0000444545","eSF","3257"
"MS","500790","SIDROLÂNDIA","2676532","UNIDADE DE PSF DA VILA MALVINAS","0000444766","eSF","4970"
"","","","","","","",""
"","","","","","","",""
"MS/SAPS/Departamento de Saúde da Família - DESF","","","","","","",""
"Fonte: Sistema de Informação em Saúde para a Atenção Básica - SISAB","","","","","","",""
"Dado gerado em: 15 de Setembro de 2025 - 10:19h","","","","","","",""
